,words,count
0,de,2767
1,van,1394
2,het,1191
3,en,1154
4,een,894
5,,748
6,in,561
7,worden,520
8,voor,491
9,op,418
10,vlaamse,332
11,te,315
12,met,291
13,moet,288
14,dat,287
15,die,274
16,–,242
17,wordt,225
18,is,225
19,aan,223
20,om,208
21,regering,187
22,zal,176
23,moeten,156
24,ook,153
25,zijn,143
26,er,134
27,door,130
28,tot,126
29,meer,113
30,naar,106
31,beleid,103
32,niet,102
33,als,101
34,overheid,100
35,onderwijs,99
36,bij,98
37,kunnen,96
38,1,85
39,kan,85
40,vlaanderen,81
41,nieuwe,79
42,tussen,74
43,of,71
44,inzake,67
45,1999,66
46,31,64
47,stuk,63
48,nr,63
49,deze,62
50,binnen,61
51,alle,60
52,sociale,60
53,vlaams,56
54,hun,54
55,middelen,54
56,maar,52
57,over,52
58,uit,51
59,gemeenten,51
60,verder,51
61,onder,50
62,basis,50
63,maken,49
64,aandacht,49
65,kader,49
66,dit,47
67,via,46
68,heeft,45
69,samenwerking,45
70,mogelijk,44
71,gemeenschap,44
72,zich,43
73,dan,43
74,extra,43
75,federale,43
76,daarbij,43
77,onderzoek,43
78,andere,41
79,brussel,41
80,verschillende,41
81,zullen,40
82,ontwikkeling,40
83,ten,39
84,lokale,39
85,haar,38
86,bestaande,38
87,daartoe,37
88,ze,36
89,wij,36
90,nodige,36
91,zo,35
92,krijgen,35
93,waarbij,35
94,nodig,34
95,rol,34
96,administratie,33
97,gemaakt,32
98,zoals,32
99,jaar,31
100,hebben,31
101,wil,31
102,niveau,31
103,komen,31
104,doelstellingen,30
105,initiatieven,30
106,zij,29
107,aantal,29
108,aanbod,29
109,zodat,29
110,parlement,28
111,wat,28
112,oog,28
113,kwaliteit,27
114,steden,27
115,beter,27
116,uitbouw,27
117,ter,27
118,uitvoering,26
119,waar,26
120,werkgelegenheid,26
121,overleg,26
122,vlak,26
123,bijzondere,26
124,belangrijke,25
125,geven,25
126,plaats,25
127,economie,25
128,cultuur,25
129,systeem,25
130,politiek,24
131,leven,24
132,decreet,24
133,deel,24
134,instellingen,24
135,specifieke,24
136,manier,24
137,2,23
138,samenleving,23
139,nog,23
140,betekent,23
141,culturele,23
142,gaan,23
143,zowel,23
144,eigen,23
145,duurzame,22
146,sociaal,22
147,werken,22
148,daarvoor,22
149,werk,22
150,eerste,22
151,huidige,22
152,tevens,22
153,scholen,22
154,politieke,21
155,geen,21
156,vooral,21
157,termijn,21
158,daarom,21
159,financiële,21
160,mensen,20
161,alleen,20
162,één,20
163,budgettaire,20
164,jongeren,20
165,realiseren,20
166,openbare,20
167,nemen,20
168,hoofdstuk,20
169,daarnaast,20
170,kansen,19
171,europese,19
172,staan,19
173,vervoer,19
174,uitgebouwd,19
175,voldoende,19
176,bestuur,19
177,open,19
178,bevoegdheden,19
179,wel,18
180,staat,18
181,recht,18
182,tegen,18
183,komt,18
184,onze,18
185,ruimte,18
186,vormen,18
187,steeds,18
188,burger,18
189,sector,18
190,leerlingen,18
191,infrastructuur,18
192,voeren,18
193,besturen,18
194,verband,18
195,arbeidsmarkt,18
196,vastgelegd,18
197,maatregelen,18
198,kinderen,17
199,welzijn,17
200,mobiliteit,17
201,3,17
202,bedrijven,17
203,centraal,17
204,aanpak,17
205,belang,17
206,gaat,17
207,internationaal,17
208,5,16
209,al,16
210,structuurplan,16
211,betere,16
212,maximaal,16
213,provincies,16
214,doen,16
215,ecologische,16
216,neemt,15
217,goede,15
218,openbaar,15
219,uitgevoerd,15
220,wonen,15
221,stedelijk,15
222,aangepast,15
223,economische,15
224,4,15
225,toe,15
226,vanuit,15
227,behoeften,15
228,autonomie,15
229,verantwoordelijkheid,15
230,hoger,15
231,decretaal,15
232,inspanningen,15
233,uitbreiding,15
234,b,15
235,algemene,15
236,rand,15
237,bijzonder,14
238,milieubeleid,14
239,landbouw,14
240,korte,14
241,grote,14
242,geïntegreerd,14
243,overheden,14
244,ruimtelijk,14
245,zelf,14
246,indien,14
247,elke,14
248,administratieve,14
249,dienstverlening,14
250,blijft,14
251,bevolking,14
252,mee,14
253,besteed,14
254,mag,14
255,regelgeving,14
256,nieuw,14
257,evaluatie,14
258,naast,14
259,actief,14
260,waarin,14
261,elkaar,14
262,ondersteuning,14
263,maatschappelijke,14
264,rekening,14
265,mogelijkheid,14
266,verdere,14
267,a,14
268,betrokken,14
269,gerealiseerd,14
270,gegeven,13
271,ervan,13
272,samen,13
273,normen,13
274,gezinnen,13
275,huisvesting,13
276,opnieuw,13
277,instrumenten,13
278,iedereen,13
279,secundair,13
280,laten,13
281,mogelijkheden,13
282,financiering,13
283,informatie,13
284,meest,13
285,dialoog,13
286,institutionele,13
287,vernieuwing,13
288,afspraken,13
289,hervormingen,13
290,noodzakelijk,13
291,bepaald,13
292,duidelijk,13
293,betreft,13
294,grotere,13
295,versterken,13
296,vorming,13
297,gebruik,13
298,wijze,13
299,integratie,13
300,projecten,13
301,willen,12
302,veel,12
303,bieden,12
304,na,12
305,zorg,12
306,minder,12
307,stimuleren,12
308,wie,12
309,totale,12
310,blijven,12
311,procedures,12
312,kinderopvang,12
313,verhoogd,12
314,arbeid,12
315,begeleiding,12
316,plan,12
317,invoering,12
318,dus,12
319,nu,12
320,interne,12
321,gebeuren,12
322,vraag,12
323,hierbij,12
324,reeds,12
325,diensten,12
326,gemeentelijke,12
327,betrekking,12
328,vrije,12
329,gestreefd,12
330,gewesten,12
331,c,12
332,internationale,12
333,bedrijfsleven,12
334,universiteiten,12
335,belangrijk,12
336,woningen,12
337,buitenlands,12
338,problemen,11
339,mogelijke,11
340,uitgangspunt,11
341,prioriteit,11
342,investeren,11
343,duidelijke,11
344,investeringen,11
345,weg,11
346,ons,11
347,aangepakt,11
348,gebieden,11
349,goed,11
350,stad,11
351,zonder,11
352,veronderstelt,11
353,kennis,11
354,opleiding,11
355,media,11
356,regionale,11
357,particuliere,11
358,daar,11
359,spelen,11
360,uitgewerkt,11
361,houdt,11
362,ingevoerd,11
363,ministerie,11
364,opgericht,11
365,inleiding,11
366,concrete,11
367,bovendien,11
368,functie,11
369,vervullen,11
370,werking,11
371,activiteiten,11
372,structurele,11
373,afgestemd,11
374,innovatiebeleid,11
375,bevorderen,11
376,hogescholen,11
377,lang,10
378,vijf,10
379,biedt,10
380,gericht,10
381,leerkrachten,10
382,leren,10
383,terzake,10
384,genomen,10
385,werd,10
386,gevoerd,10
387,versterkt,10
388,volle,10
389,milieu,10
390,controle,10
391,participatie,10
392,stand,10
393,taken,10
394,behoefte,10
395,organisatie,10
396,geëvalueerd,10
397,volgens,10
398,overheveling,10
399,criteria,10
400,actoren,10
401,onderzocht,10
402,d,10
403,gewest,10
404,school,10
405,handhaving,10
406,heel,9
407,toekomst,9
408,preventie,9
409,natuur,9
410,zeer,9
411,tijd,9
412,rond,9
413,toegankelijk,9
414,evenwicht,9
415,beschikken,9
416,huis,9
417,vorige,9
418,stellen,9
419,doel,9
420,omkadering,9
421,technisch,9
422,groot,9
423,bepalen,9
424,maakt,9
425,administraties,9
426,gemeente,9
427,versterking,9
428,kans,9
429,houden,9
430,vermindering,9
431,uitdagingen,9
432,beschikbare,9
433,audit,9
434,twee,9
435,concreet,9
436,voortgezet,9
437,vereenvoudiging,9
438,brengen,9
439,geheel,9
440,ontwikkelen,9
441,coördinatie,9
442,maximale,9
443,volgende,9
444,personeel,9
445,uitvoeren,9
446,onderzoeken,9
447,bevoegdheid,9
448,wetenschappelijk,9
449,prioritair,9
450,men,9
451,beheer,9
452,karakter,9
453,brusselse,9
454,bepaalde,9
455,zorgen,9
456,ondersteund,9
457,stedelijke,9
458,vaak,8
459,u,8
460,vlamingen,8
461,legislatuur,8
462,krijgt,8
463,afval,8
464,per,8
465,grondig,8
466,maatschappij,8
467,voorstellen,8
468,leefbaarheid,8
469,kant,8
470,principes,8
471,ordening,8
472,voorwaarde,8
473,ouders,8
474,degelijke,8
475,zorgverzekering,8
476,voorzien,8
477,welvaart,8
478,verhogen,8
479,stappen,8
480,creativiteit,8
481,we,8
482,structuren,8
483,leiden,8
484,vdab,8
485,zin,8
486,ondersteunen,8
487,volwaardige,8
488,einde,8
489,beheersovereenkomst,8
490,omroep,8
491,regels,8
492,centrale,8
493,ertoe,8
494,wetgeving,8
495,aanpassing,8
496,doorgevoerd,8
497,gekoppeld,8
498,maatschappelijk,8
499,context,8
500,kwaliteitsvolle,8
501,economisch,8
502,ondernemerschap,8
503,deelstaten,8
504,streeft,8
505,principe,8
506,ondernemingen,8
507,opdracht,8
508,hand,8
509,aanzien,8
510,af,8
511,initiatief,8
512,efficiëntie,8
513,bijdragen,8
514,belastingen,8
515,enkel,8
516,volledige,8
517,gemeenschappen,8
518,daarvan,8
519,beschikking,8
520,gezondheidszorg,8
521,ouderen,8
522,e,8
523,privésector,8
524,energie,8
525,actieplan,8
526,terreinen,8
527,eventueel,8
528,instrument,8
529,alternatieve,8
530,nederlandstalige,8
531,regeerakkoord,7
532,ene,7
533,miljard,7
534,mogen,7
535,sanering,7
536,inhaalbeweging,7
537,mobiliteitsplan,7
538,enerzijds,7
539,gemeenschappelijk,7
540,anderzijds,7
541,langs,7
542,ruimtelijke,7
543,uitgangspunten,7
544,voert,7
545,terecht,7
546,inkomen,7
547,werkzoekenden,7
548,stelt,7
549,werkt,7
550,verminderd,7
551,zetten,7
552,opgetrokken,7
553,niveaus,7
554,scheppen,7
555,centra,7
556,cultuurbeleving,7
557,loket,7
558,gebruiker,7
559,partners,7
560,hen,7
561,jaren,7
562,tijdens,7
563,realisatie,7
564,6,7
565,toepassing,7
566,waarvan,7
567,taak,7
568,dienst,7
569,project,7
570,akkoord,7
571,8,7
572,reële,7
573,slechts,7
574,geeft,7
575,algemeen,7
576,geconfronteerd,7
577,vereist,7
578,efficiënt,7
579,ocmw’s,7
580,functies,7
581,markt,7
582,inspraak,7
583,toezicht,7
584,beheersovereenkomsten,7
585,voorwaarden,7
586,wetenschappelijke,7
587,voorkomen,7
588,diverse,7
589,democratische,7
590,objectieve,7
591,zeker,7
592,gestimuleerd,7
593,verantwoorde,7
594,rationeel,7
595,gebaseerd,7
596,inzonderheid,7
597,aangemoedigd,7
598,producten,7
599,milieuvriendelijke,7
600,echter,7
601,middel,7
602,advies,7
603,waardoor,7
604,fonds,7
605,ontwikkelingen,7
606,geleverd,7
607,nederlands,7
608,gesubsidieerde,7
609,bescherming,7
610,heffingen,7
611,nederlandstalig,7
612,anderstaligen,7
613,multilaterale,7
614,13,6
615,eeuw,6
616,antwoord,6
617,vandaag,6
618,dag,6
619,degelijk,6
620,komende,6
621,hele,6
622,minstens,6
623,uitgaan,6
624,hergebruik,6
625,banen,6
626,jobs,6
627,beste,6
628,biologische,6
629,zware,6
630,inspanning,6
631,verbeteren,6
632,30,6
633,benut,6
634,aanleg,6
635,mate,6
636,organiseren,6
637,kwetsbare,6
638,gemeentelijk,6
639,feit,6
640,elk,6
641,dossiers,6
642,aanspreekpunt,6
643,invulling,6
644,nauw,6
645,aandachtspunten,6
646,zorgt,6
647,nederland,6
648,laagste,6
649,oplossing,6
650,werkloosheidsval,6
651,druk,6
652,kwalitatief,6
653,toegang,6
654,hefboom,6
655,beroep,6
656,beginnende,6
657,vergunning,6
658,onverkort,6
659,streven,6
660,communicatietechnologie,6
661,vragen,6
662,moderne,6
663,bevoegdheidsverdeling,6
664,snel,6
665,noodzakelijke,6
666,primaat,6
667,afwachting,6
668,7,6
669,coherent,6
670,gesteld,6
671,respect,6
672,10,6
673,werkgelegenheidsbeleid,6
674,toekomstgericht,6
675,gebrek,6
676,opdrachten,6
677,actieve,6
678,essentieel,6
679,positief,6
680,beleidsniveaus,6
681,lijn,6
682,waarborgen,6
683,intercommunales,6
684,herziening,6
685,inhoudelijke,6
686,publieke,6
687,doelstelling,6
688,bereiken,6
689,situatie,6
690,bijgestuurd,6
691,optimalisering,6
692,discussie,6
693,vormt,6
694,behouden,6
695,complementariteit,6
696,integraal,6
697,opstellen,6
698,onvoldoende,6
699,ontwikkeld,6
700,overdracht,6
701,aanvullende,6
702,betreffende,6
703,coördinerende,6
704,instituut,6
705,tekort,6
706,ervoor,6
707,aangeboden,6
708,reguliere,6
709,kwalitatieve,6
710,groepen,6
711,handicap,6
712,slotte,6
713,f,6
714,partner,6
715,permanente,6
716,uitwerking,6
717,opgesteld,6
718,snelle,6
719,strategisch,6
720,prioriteiten,6
721,cultureel,6
722,jeugd,6
723,cultuurbeleid,6
724,kleinschalige,6
725,kiezer,5
726,wereld,5
727,toch,5
728,doet,5
729,gedaan,5
730,waarop,5
731,signalen,5
732,hij,5
733,krachtlijnen,5
734,uitstek,5
735,domeinen,5
736,15000,5
737,laaggeschoolden,5
738,oplossingen,5
739,gratis,5
740,rekenen,5
741,zogenaamde,5
742,verkeersveiligheid,5
743,versneld,5
744,ernstige,5
745,waarover,5
746,armoede,5
747,drastisch,5
748,jonge,5
749,doorstroming,5
750,vergroten,5
751,leggen,5
752,vier,5
753,was,5
754,land,5
755,belasting,5
756,aantrekkelijker,5
757,dragen,5
758,garanderen,5
759,werkingsmiddelen,5
760,netten,5
761,basisonderwijs,5
762,weer,5
763,zorgverbreding,5
764,schoolgebouwen,5
765,vizo,5
766,harmonisering,5
767,waarden,5
768,brede,5
769,evolutie,5
770,instelling,5
771,raden,5
772,gelden,5
773,inkomsten,5
774,informatieverstrekking,5
775,dynamiek,5
776,verminderen,5
777,echt,5
778,samenwerken,5
779,overheidscommunicatie,5
780,autonome,5
781,kleinere,5
782,voorbije,5
783,pact,5
784,hoog,5
785,gevolg,5
786,bouwen,5
787,gezamenlijk,5
788,vertrouwen,5
789,gezocht,5
790,verlaging,5
791,responsabilisering,5
792,onafhankelijkheid,5
793,parlementair,5
794,bindend,5
795,burgers,5
796,erop,5
797,programma,5
798,bestuurlijke,5
799,ruimer,5
800,nood,5
801,vraagt,5
802,i,5
803,beleidsuitvoering,5
804,privéinitiatief,5
805,vertaald,5
806,nadruk,5
807,gebeurt,5
808,momenteel,5
809,behoren,5
810,raad,5
811,jaarlijks,5
812,kwaliteitszorg,5
813,tweede,5
814,openbaarheid,5
815,externe,5
816,aanwending,5
817,netwerk,5
818,aanleiding,5
819,optreden,5
820,organisaties,5
821,decretale,5
822,subregionale,5
823,budget,5
824,passen,5
825,dezelfde,5
826,oprichting,5
827,evalueren,5
828,drie,5
829,benadering,5
830,rechtstreekse,5
831,2000,5
832,solidariteit,5
833,immers,5
834,democratisch,5
835,band,5
836,vereenvoudigd,5
837,grondige,5
838,personen,5
839,beperkte,5
840,toegewezen,5
841,tarieven,5
842,productie,5
843,instrumentarium,5
844,gewestelijke,5
845,persoonsgebonden,5
846,buitenlandse,5
847,socialprofitsector,5
848,informatieeconomie,5
849,visie,5
850,sectoren,5
851,groei,5
852,norm,5
853,arbeidsplaatsen,5
854,doelgroepen,5
855,opleidingen,5
856,structureel,5
857,grondstoffen,5
858,kmo’s,5
859,blijvend,5
860,werkplaatsen,5
861,hier,5
862,samenwerkingsakkoord,5
863,hoe,5
864,toerisme,5
865,uitwerken,5
866,enzovoort,5
867,hulp,5
868,aspecten,5
869,g,5
870,erover,5
871,technologische,5
872,iwt,5
873,acties,5
874,gebruikt,5
875,gevraagd,5
876,kwaliteitsbewaking,5
877,licht,5
878,technologisch,5
879,dienen,5
880,hernieuwbare,5
881,stoffen,5
882,individuele,5
883,relatie,5
884,rechten,5
885,verplichtingen,5
886,proefprojecten,5
887,gelijkekansenbeleid,5
888,voorzieningen,5
889,gelet,5
890,gepaard,5
891,gezorgd,5
892,beheerd,5
893,inburgering,5
894,kwaliteitsvol,5
895,zoveel,5
896,learning,5
897,to,5
898,hoge,5
899,lerarenopleiding,5
900,antwerpen,5
901,geëigende,5
902,sociaalcultureel,5
903,renovatie,5
904,sport,5
905,erfgoed,5
906,europa,5
907,geheroriënteerd,5
908,water,5
909,geïnvesteerd,5
910,uitvoeringsplan,5
911,havengebied,5
912,bilaterale,5
913,sif,5
914,gemeenschapscommissie,5
915,huisvestingsmaatschappijen,5
916,anderstalige,5
917,eu,5
918,voorzitter,4
919,21ste,4
920,krachtig,4
921,signaal,4
922,alles,4
923,tegelijk,4
924,volksgezondheid,4
925,bijvoorbeeld,4
926,bron,4
927,bos,4
928,natuurgebied,4
929,gecreëerd,4
930,2001,4
931,personenvervoer,4
932,gebruikers,4
933,aanzetten,4
934,gewestelijk,4
935,infrastructuurwerken,4
936,inhaaloperatie,4
937,doortochten,4
938,handhavingsbeleid,4
939,vonnissen,4
940,overtreder,4
941,sprake,4
942,zonevreemde,4
943,wegwerken,4
944,arbeidsbemiddeling,4
945,budgetten,4
946,laatste,4
947,trouwens,4
948,veilig,4
949,netwerken,4
950,gewerkt,4
951,bevordering,4
952,landen,4
953,gedurende,4
954,werkloosheid,4
955,arbeidsinkomens,4
956,begin,4
957,verhoogde,4
958,leerstoornissen,4
959,leerproblemen,4
960,omdat,4
961,levenslang,4
962,afdoende,4
963,evolueren,4
964,gestructureerde,4
965,promotie,4
966,herwaardering,4
967,nascholing,4
968,leraren,4
969,wezenlijke,4
970,sensibiliseren,4
971,verenigingsleven,4
972,ontzuiling,4
973,regionaal,4
974,bibliotheken,4
975,tegengegaan,4
976,geleidelijke,4
977,bestuursperiode,4
978,dossier,4
979,bestaan,4
980,gemeentebesturen,4
981,bestrijding,4
982,subsidiariteit,4
983,anders,4
984,legt,4
985,begrotingsbeleid,4
986,vernieuwend,4
987,begroting,4
988,uitgaven,4
989,bedrag,4
990,50,4
991,leefmilieu,4
992,welzijnsbeleid,4
993,helft,4
994,ministers,4
995,kabinet,4
996,beleidsvoorbereiding,4
997,efficiënter,4
998,halen,4
999,beslissingen,4
1000,mandaat,4
1001,referendum,4
1002,grenzen,4
1003,sterk,4
1004,slagen,4
1005,vele,4
1006,aandeel,4
1007,wanneer,4
1008,9,4
1009,democratie,4
1010,resultaatgericht,4
1011,bedoeling,4
1012,aangewezen,4
1013,verlengde,4
1014,ingezet,4
1015,geboden,4
1016,gewaarborgd,4
1017,enof,4
1018,decreten,4
1019,inbegrip,4
1020,integrale,4
1021,kostprijs,4
1022,gefinancierd,4
1023,ambtenaren,4
1024,begeleiden,4
1025,mede,4
1026,minister,4
1027,opzichte,4
1028,invoeren,4
1029,stemmen,4
1030,daardoor,4
1031,inspectie,4
1032,gegevens,4
1033,verbeterd,4
1034,inhouden,4
1035,onafhankelijk,4
1036,verbetering,4
1037,efficiënte,4
1038,instanties,4
1039,debat,4
1040,centrumsteden,4
1041,uitbouwen,4
1042,kosten,4
1043,investering,4
1044,afstemming,4
1045,ocmws,4
1046,samenwerkingsakkoorden,4
1047,aangelegenheden,4
1048,geformuleerd,4
1049,werden,4
1050,sluiten,4
1051,activeren,4
1052,beleidsdomeinen,4
1053,liggen,4
1054,reglementering,4
1055,noodzaak,4
1056,vertegenwoordiging,4
1057,effectieve,4
1058,evenwichtige,4
1059,handel,4
1060,houdend,4
1061,leidt,4
1062,hogere,4
1063,aanzet,4
1064,vergroot,4
1065,vrouwen,4
1066,laaggeschoolde,4
1067,trekken,4
1068,dringend,4
1069,sommige,4
1070,werkgelegenheidsprogrammas,4
1071,samenwerkingsverbanden,4
1072,ecologisch,4
1073,industriële,4
1074,jeugdzorg,4
1075,toelagen,4
1076,gesloten,4
1077,studenten,4
1078,afgesloten,4
1079,aanmoedigen,4
1080,erkende,4
1081,steun,4
1082,verantwoord,4
1083,subsidiëring,4
1084,omschakeling,4
1085,waarbinnen,4
1086,vooraf,4
1087,ernaar,4
1088,optimaal,4
1089,waarmee,4
1090,h,4
1091,vrijgekomen,4
1092,gehouden,4
1093,gezamenlijke,4
1094,beleidsplan,4
1095,leveren,4
1096,steunt,4
1097,gelijke,4
1098,preventiebeleid,4
1099,pluralistische,4
1100,én,4
1101,eveneens,4
1102,kind,4
1103,elementen,4
1104,gegarandeerd,4
1105,welke,4
1106,gezondheid,4
1107,specifiek,4
1108,hangt,4
1109,allochtonen,4
1110,allochtone,4
1111,preventieve,4
1112,speciale,4
1113,vaardigheden,4
1114,draagt,4
1115,progressief,4
1116,taallessen,4
1117,studie,4
1118,volledig,4
1119,alternatief,4
1120,stimuli,4
1121,inclusief,4
1122,volgen,4
1123,doelgroepenbeleid,4
1124,bijdrage,4
1125,geleidelijk,4
1126,watervalsysteem,4
1127,beroepsonderwijs,4
1128,vorm,4
1129,bod,4
1130,ict,4
1131,aanvragen,4
1132,kunstenaar,4
1133,terrein,4
1134,optimalisatie,4
1135,aandringen,4
1136,architectuur,4
1137,betrokkenheid,4
1138,geregeld,4
1139,groep,4
1140,milieusector,4
1141,hierdoor,4
1142,1°,4
1143,2°,4
1144,afvalwater,4
1145,opgemaakt,4
1146,aquafin,4
1147,opmaak,4
1148,recuperatie,4
1149,technieken,4
1150,hetzij,4
1151,hvvi’s,4
1152,natuurgebieden,4
1153,hectare,4
1154,milieudruk,4
1155,milieubeleidsplan,4
1156,regeerperiode,4
1157,plannen,4
1158,domein,4
1159,landbouwbeleid,4
1160,haven,4
1161,sifmiddelen,4
1162,wooncode,4
1163,nederlandse,4
1164,vzw,4
1165,unie,4
1166,mijnheer,3
1167,dames,3
1168,heren,3
1169,vooravond,3
1170,verschil,3
1171,perspectief,3
1172,vlaming,3
1173,bezorgd,3
1174,best,3
1175,geval,3
1176,waterbeleid,3
1177,voorop,3
1178,duin,3
1179,verwerven,3
1180,trendbreuk,3
1181,straks,3
1182,voorleggen,3
1183,verkeer,3
1184,dorpen,3
1185,mobiliteitsbeleid,3
1186,tweesporenbeleid,3
1187,zwakkeren,3
1188,voorrang,3
1189,groen,3
1190,bepaalt,3
1191,onmiddellijke,3
1192,toeneemt,3
1193,richten,3
1194,vonnis,3
1195,ambtshalve,3
1196,direct,3
1197,uitbreiden,3
1198,verfijnd,3
1199,premies,3
1200,vlot,3
1201,slaan,3
1202,dient,3
1203,net,3
1204,langdurig,3
1205,begeleid,3
1206,achteraf,3
1207,grootste,3
1208,tegenover,3
1209,buurlanden,3
1210,werkzaamheidsgraad,3
1211,aangeeft,3
1212,belastingvermindering,3
1213,lagere,3
1214,inkomensgroepen,3
1215,25,3
1216,duale,3
1217,studietoelagen,3
1218,directe,3
1219,studiekosten,3
1220,langer,3
1221,veralgemeend,3
1222,enige,3
1223,leraar,3
1224,openheid,3
1225,verdraagzaamheid,3
1226,kritische,3
1227,groeiende,3
1228,onafhankelijke,3
1229,monopolisering,3
1230,vrt,3
1231,gescheiden,3
1232,behulp,3
1233,filmsector,3
1234,geïntegreerde,3
1235,terechtkunnen,3
1236,hoort,3
1237,dicht,3
1238,loketten,3
1239,deontologische,3
1240,code,3
1241,toegepast,3
1242,engageert,3
1243,organieke,3
1244,blokkering,3
1245,herzien,3
1246,beperkt,3
1247,vaststelling,3
1248,vaste,3
1249,serieuze,3
1250,bestuurskracht,3
1251,onontbeerlijk,3
1252,partijen,3
1253,federaal,3
1254,overtuiging,3
1255,gezond,3
1256,meteen,3
1257,bestemming,3
1258,vast,3
1259,inspelen,3
1260,uitgetrokken,3
1261,gereserveerd,3
1262,automatisch,3
1263,essentiële,3
1264,onderbouwd,3
1265,mandaatsysteem,3
1266,topambtenaren,3
1267,onverenigbaarheden,3
1268,derde,3
1269,volwaardig,3
1270,alvast,3
1271,respecteren,3
1272,depolitisering,3
1273,kabinetten,3
1274,bestuursakkoord,3
1275,creatieve,3
1276,krachten,3
1277,waarvoor,3
1278,daarin,3
1279,11,3
1280,12,3
1281,14,3
1282,19,3
1283,onderwijsbeleid,3
1284,mediabeleid,3
1285,hoofdstad,3
1286,verandering,3
1287,ander,3
1288,nooit,3
1289,los,3
1290,informatiemaatschappij,3
1291,technische,3
1292,decennia,3
1293,be,3
1294,verleden,3
1295,beleidsopties,3
1296,ontplooien,3
1297,besproken,3
1298,waarmaken,3
1299,eventuele,3
1300,parlementaire,3
1301,opnemen,3
1302,beheersen,3
1303,voorbereiding,3
1304,zaken,3
1305,afzonderlijke,3
1306,eén,3
1307,aanbieden,3
1308,sturen,3
1309,verlenen,3
1310,sturing,3
1311,beleidsevaluatie,3
1312,buitenland,3
1313,belangenvermenging,3
1314,kenbaar,3
1315,cumulatie,3
1316,mandaten,3
1317,personeelsbeleid,3
1318,kieskringen,3
1319,wegens,3
1320,samenstelling,3
1321,primeren,3
1322,impliceert,3
1323,operationele,3
1324,voi’s,3
1325,grond,3
1326,jaarlijkse,3
1327,doorgelicht,3
1328,geledingen,3
1329,aanzienlijke,3
1330,optimale,3
1331,zes,3
1332,afbakening,3
1333,duidelijkheid,3
1334,gerechtelijke,3
1335,vanwege,3
1336,beantwoorden,3
1337,toegankelijkheid,3
1338,breed,3
1339,gemeentefonds,3
1340,bekeken,3
1341,valorisering,3
1342,verstevigen,3
1343,verhoging,3
1344,stadsvlucht,3
1345,positie,3
1346,beloond,3
1347,vanaf,3
1348,gedacht,3
1349,vrijwillige,3
1350,overeenstemming,3
1351,analyse,3
1352,problematiek,3
1353,fundamenteel,3
1354,ondanks,3
1355,provincie,3
1356,verklaren,3
1357,industrieel,3
1358,verdeling,3
1359,nmbs,3
1360,gedeelte,3
1361,tuinbouw,3
1362,uitzondering,3
1363,ligt,3
1364,zelfstandig,3
1365,leden,3
1366,tweetalige,3
1367,rekenhof,3
1368,bevoegd,3
1369,steunen,3
1370,programmas,3
1371,samenhang,3
1372,werknemers,3
1373,innovatie,3
1374,verdrag,3
1375,name,3
1376,last,3
1377,woning,3
1378,voorkoming,3
1379,opzetten,3
1380,doelgroep,3
1381,trajectbegeleiding,3
1382,startbaan,3
1383,bemiddelaars,3
1384,gewaakt,3
1385,voorbeeldfunctie,3
1386,ontstaat,3
1387,circuit,3
1388,huishoudelijke,3
1389,opengesteld,3
1390,speelt,3
1391,beschutte,3
1392,klassieke,3
1393,globale,3
1394,starters,3
1395,ondernemen,3
1396,duurzaamheid,3
1397,veiligheid,3
1398,starten,3
1399,subsidies,3
1400,certificaat,3
1401,centrum,3
1402,rechtszekerheid,3
1403,voorlichting,3
1404,aanvraag,3
1405,statuut,3
1406,innovatiesysteem,3
1407,onderzoeksfonds,3
1408,heroriëntering,3
1409,innovatiedecreet,3
1410,technologie,3
1411,doorzichtige,3
1412,afgebouwd,3
1413,gecoördineerd,3
1414,start,3
1415,aanmerking,3
1416,academisch,3
1417,talrijke,3
1418,ingeschreven,3
1419,publiek,3
1420,wetenschap,3
1421,inhoudelijk,3
1422,impact,3
1423,j,3
1424,bevorderd,3
1425,opgenomen,3
1426,samenspraak,3
1427,substantiële,3
1428,energieverbruik,3
1429,hiervoor,3
1430,gepromoot,3
1431,omstandigheden,3
1432,vrijheid,3
1433,tegemoetkomingen,3
1434,opvang,3
1435,uitgebreid,3
1436,betoelaging,3
1437,buiten,3
1438,gemeenschapsbevoegdheden,3
1439,gehanteerd,3
1440,den,3
1441,subsidie,3
1442,alsook,3
1443,kiezen,3
1444,keuze,3
1445,voldoen,3
1446,persoon,3
1447,veld,3
1448,georganiseerd,3
1449,huur,3
1450,deelnemen,3
1451,taal,3
1452,integreren,3
1453,opgezet,3
1454,gezondheidsbeleid,3
1455,periode,3
1456,lokaal,3
1457,ontplooiing,3
1458,pijlers,3
1459,missie,3
1460,waarde,3
1461,voorwaardenscheppend,3
1462,volwassenenonderwijs,3
1463,hogeschoolonderwijs,3
1464,verschillen,3
1465,leerling,3
1466,optimaliseren,3
1467,waken,3
1468,eindtermen,3
1469,dergelijke,3
1470,oriëntering,3
1471,onderwaardering,3
1472,gevolgd,3
1473,europees,3
1474,wegen,3
1475,sociaaleconomische,3
1476,jokerbeurs,3
1477,geldende,3
1478,keuzevrijheid,3
1479,weefsel,3
1480,kunstenaars,3
1481,hiertoe,3
1482,monumenten,3
1483,hedendaagse,3
1484,inventarisatie,3
1485,convenants,3
1486,bekend,3
1487,leefomgeving,3
1488,nagestreefd,3
1489,televisieomroepen,3
1490,regio,3
1491,programma’s,3
1492,commissariaat,3
1493,vergunningen,3
1494,afvalstoffen,3
1495,pas,3
1496,resultaatverbintenis,3
1497,voorkeur,3
1498,industrie,3
1499,3°,3
1500,positieve,3
1501,gronden,3
1502,gevaarlijke,3
1503,toekennen,3
1504,waterzuivering,3
1505,verbranding,3
1506,bossen,3
1507,duurzaam,3
1508,voorziet,3
1509,19972001,3
1510,tijdig,3
1511,achterstand,3
1512,woongebieden,3
1513,naleving,3
1514,jaarprogramma’s,3
1515,instantie,3
1516,wenst,3
1517,voorziene,3
1518,vlam,3
1519,vervoersmodi,3
1520,vvm,3
1521,basismobiliteit,3
1522,fiets,3
1523,brussels,3
1524,hoofdstedelijk,3
1525,deurne,3
1526,concessie,3
1527,oudere,3
1528,buurten,3
1529,wijken,3
1530,renoveren,3
1531,eisen,3
1532,huisvestingsmaatschappij,3
1533,plattelandsbeleid,3
1534,gemeenschapscentra,3
1535,franstalige,3
1536,sterkere,3
1537,juli,2
1538,verklaring,2
1539,ervaren,2
1540,uitdaging,2
1541,vlakken,2
1542,verstarring,2
1543,daadwerkelijk,2
1544,formuleert,2
1545,bedreigingen,2
1546,verwachten,2
1547,weten,2
1548,voorlegt,2
1549,maand,2
1550,geleden,2
1551,sterke,2
1552,betaalbaarheid,2
1553,onderkent,2
1554,werkend,2
1555,200,2
1556,toetssteen,2
1557,waaraan,2
1558,hoofdstukken,2
1559,herijkt,2
1560,hanteren,2
1561,afdwingbaar,2
1562,controleerbaar,2
1563,bodemsanering,2
1564,huisvuilverbrandingsinstallaties,2
1565,locaties,2
1566,toegelaten,2
1567,3000,2
1568,hectaren,2
1569,overigens,2
1570,opleveren,2
1571,2004,2
1572,1000,2
1573,bosopzieners,2
1574,groenarbeiders,2
1575,landschapswachters,2
1576,biologen,2
1577,toegespitst,2
1578,generaties,2
1579,voordele,2
1580,vallen,2
1581,uiterlijk,2
1582,voorjaar,2
1583,milieuhinder,2
1584,verdubbeling,2
1585,65plussers,2
1586,abonnees,2
1587,tariefvermindering,2
1588,km,2
1589,wegencapaciteit,2
1590,inschakelen,2
1591,telematica,2
1592,carpoolstroken,2
1593,experimenten,2
1594,toeritdosering,2
1595,heraanleg,2
1596,afgescheiden,2
1597,fietspaden,2
1598,woonwerkschoolverkeer,2
1599,geringe,2
1600,nabijheid,2
1601,woonkernen,2
1602,woonuitbreidingsgebieden,2
1603,aangesneden,2
1604,oppervlakte,2
1605,woongebied,2
1606,kracht,2
1607,gewijsde,2
1608,rechtbank,2
1609,bevolen,2
1610,redelijke,2
1611,flagrante,2
1612,bouwovertredingen,2
1613,manifeste,2
1614,onwil,2
1615,overlast,2
1616,benadeelden,2
1617,verantwoorden,2
1618,bepalingen,2
1619,gemiddelde,2
1620,zichtbaar,2
1621,ocmw,2
1622,uitkeringen,2
1623,mensvriendelijk,2
1624,drempelvrees,2
1625,bruggen,2
1626,bureaus,2
1627,rechtspleging,2
1628,basisvoorziening,2
1629,ouderbijdrage,2
1630,onregelmatige,2
1631,arbeidstijden,2
1632,helpen,2
1633,beide,2
1634,hangen,2
1635,binnensteden,2
1636,sociocultureel,2
1637,juni,2
1638,hard,2
1639,welk,2
1640,595,2
1641,65,2
1642,30000,2
1643,beseffen,2
1644,belastingverlaging,2
1645,schijven,2
1646,laagverdieners,2
1647,afcentiemen,2
1648,nadat,2
1649,wapen,2
1650,eerder,2
1651,feitelijke,2
1652,uitsluiting,2
1653,waardering,2
1654,substantieel,2
1655,actieven,2
1656,nietactieven,2
1657,hecht,2
1658,functiebeschrijvingen,2
1659,personeelsstatuut,2
1660,aanscherpen,2
1661,vrijmaken,2
1662,spreiding,2
1663,beleving,2
1664,inhoud,2
1665,erkent,2
1666,draaischijven,2
1667,opmaken,2
1668,hoeveel,2
1669,landelijke,2
1670,televisieomroep,2
1671,multimediaprojecten,2
1672,opiniëring,2
1673,communicatie,2
1674,noden,2
1675,onderscheid,2
1676,boodschap,2
1677,klantgerichte,2
1678,virtuele,2
1679,communicatiebeleid,2
1680,controleregeling,2
1681,misbruik,2
1682,bestuursopbouw,2
1683,beginsel,2
1684,beleidsbeslissingen,2
1685,functionele,2
1686,voelen,2
1687,gewicht,2
1688,opgestart,2
1689,sintmichielsakkoorden,2
1690,ik,2
1691,communautaire,2
1692,lijst,2
1693,grondwetsartikelen,2
1694,vooruit,2
1695,want,2
1696,vertegenwoordigd,2
1697,verdedigen,2
1698,diepgaander,2
1699,bereikt,2
1700,beleidsprogramma,2
1701,voorstelt,2
1702,ambitieus,2
1703,strikte,2
1704,strakke,2
1705,onverminderd,2
1706,schrapping,2
1707,zero,2
1708,base,2
1709,budgetting,2
1710,nietkerntaken,2
1711,afstoten,2
1712,privatisering,2
1713,bewust,2
1714,geopteerd,2
1715,40,2
1716,20,2
1717,bijgestaan,2
1718,afweging,2
1719,beleidskeuzen,2
1720,zodra,2
1721,omgebouwd,2
1722,afgesproken,2
1723,mandatarissen,2
1724,voorstander,2
1725,ambt,2
1726,burgemeester,2
1727,schepen,2
1728,ocmwvoorzitter,2
1729,richting,2
1730,consultatief,2
1731,verbindt,2
1732,uitslag,2
1733,referenda,2
1734,kennen,2
1735,mondige,2
1736,vinden,2
1737,mondig,2
1738,ernstig,2
1739,aangaan,2
1740,thans,2
1741,hierin,2
1742,vermag,2
1743,contract,2
1744,vervult,2
1745,nakomen,2
1746,echte,2
1747,zelfs,2
1748,afsluiten,2
1749,leidraad,2
1750,stap,2
1751,bestuurlijk,2
1752,ii,2
1753,22,2
1754,zorgbeleid,2
1755,iii,2
1756,33,2
1757,39,2
1758,iv,2
1759,43,2
1760,49,2
1761,53,2
1762,54,2
1763,v,2
1764,57,2
1765,vi,2
1766,60,2
1767,vii,2
1768,bedachtzaam,2
1769,62,2
1770,zucht,2
1771,gezien,2
1772,veranderingen,2
1773,doorbraak,2
1774,dualisering,2
1775,verloedering,2
1776,overstaan,2
1777,enkele,2
1778,krijtlijnen,2
1779,gevoel,2
1780,invullen,2
1781,verantwoordelijk,2
1782,normering,2
1783,beleidsvisie,2
1784,fundamentele,2
1785,beleidsoptie,2
1786,pressiegroepen,2
1787,gelegd,2
1788,bevoegdheidsdomeinen,2
1789,toekomstige,2
1790,gevaar,2
1791,zuurstof,2
1792,overige,2
1793,aansluitend,2
1794,belgische,2
1795,gerespecteerd,2
1796,overheidsbeleid,2
1797,verdraagzaam,2
1798,constitutieve,2
1799,groeien,2
1800,complexiteit,2
1801,onderlinge,2
1802,afstemmen,2
1803,vereenvoudigen,2
1804,stroomlijnen,2
1805,state,2
1806,provinciale,2
1807,klanten,2
1808,gedifferentieerde,2
1809,openen,2
1810,processen,2
1811,herdacht,2
1812,ziet,2
1813,zo’n,2
1814,doorgedreven,2
1815,vergt,2
1816,overheidsniveaus,2
1817,opgeleide,2
1818,genieten,2
1819,grondwettelijk,2
1820,gewaarborgde,2
1821,uniform,2
1822,medewerking,2
1823,verhouding,2
1824,doorzichtiger,2
1825,stafleden,2
1826,laste,2
1827,uitvoerende,2
1828,globaal,2
1829,aantallen,2
1830,beleidslijnen,2
1831,actieprogramma’s,2
1832,systematisch,2
1833,voorlichtingsbeleid,2
1834,gelijktijdige,2
1835,uitoefening,2
1836,leidinggevende,2
1837,resultaatgerichte,2
1838,opzicht,2
1839,prioritaire,2
1840,bestuurs,2
1841,officiële,2
1842,ongelijke,2
1843,resultaten,2
1844,effect,2
1845,bijsturing,2
1846,management,2
1847,kerntaken,2
1848,entiteiten,2
1849,sluitende,2
1850,meetbare,2
1851,voortdurend,2
1852,dienstverlenende,2
1853,gezet,2
1854,vormingsbeleid,2
1855,17,2
1856,zou,2
1857,evenwel,2
1858,vermeden,2
1859,correcte,2
1860,rechtstreeks,2
1861,verkozen,2
1862,gebiedsgerichte,2
1863,streefdoel,2
1864,tegelijkertijd,2
1865,zouden,2
1866,ingelicht,2
1867,toewijzing,2
1868,relatief,2
1869,operationeel,2
1870,overgeheveld,2
1871,ontwerp,2
1872,investeringsfonds,2
1873,provinciefonds,2
1874,fiscale,2
1875,eenzelfde,2
1876,levert,2
1877,centrumfuncties,2
1878,draagkracht,2
1879,ruimere,2
1880,belastingdruk,2
1881,vrijwaren,2
1882,landelijk,2
1883,weinig,2
1884,hervormd,2
1885,financieel,2
1886,verankering,2
1887,administratief,2
1888,oprichten,2
1889,doelmatige,2
1890,persoonlijke,2
1891,gevrijwaard,2
1892,toelaten,2
1893,verdieping,2
1894,afsprakennota,2
1895,uitmonden,2
1896,partnerschap,2
1897,plegen,2
1898,beoogde,2
1899,gemeenschappelijke,2
1900,blijkt,2
1901,verslag,2
1902,gen,2
1903,afbreuk,2
1904,deelgebieden,2
1905,voorgestelde,2
1906,respectieve,2
1907,uitmaken,2
1908,vatbaar,2
1909,werkloosheidsuitkeringen,2
1910,besteding,2
1911,trekkingsrechten,2
1912,akkoorden,2
1913,milieuheffingen,2
1914,educatief,2
1915,verlof,2
1916,sociaaleconomisch,2
1917,distributie,2
1918,varia,2
1919,aanwezigheid,2
1920,exploitatie,2
1921,energiebeleid,2
1922,regulering,2
1923,energiegebruik,2
1924,financiën,2
1925,opbrengsten,2
1926,goederen,2
1927,statistiek,2
1928,21,2
1929,regio’s,2
1930,luchthaven,2
1931,zaventem,2
1932,wetenschaps,2
1933,technologiebeleid,2
1934,ontwikkelingssamenwerking,2
1935,besteedt,2
1936,preventief,2
1937,verkiezing,2
1938,telecommunicatie,2
1939,wijziging,2
1940,structuur,2
1941,effectief,2
1942,horizontale,2
1943,splitsing,2
1944,perspectieven,2
1945,arbeidsintensief,2
1946,gevolgen,2
1947,kwalificaties,2
1948,onaangepaste,2
1949,zon,2
1950,toename,2
1951,transparante,2
1952,ingepast,2
1953,beleidskader,2
1954,dankzij,2
1955,ondernemers,2
1956,getroffen,2
1957,dioxinecrisis,2
1958,deeltijdse,2
1959,resolutie,2
1960,duitsland,2
1961,banengroei,2
1962,eenheden,2
1963,geest,2
1964,2003,2
1965,werklozen,2
1966,vergroting,2
1967,ombouw,2
1968,markten,2
1969,drastische,2
1970,registratierechten,2
1971,interprofessioneel,2
1972,moedigen,2
1973,beleidsinstrumentarium,2
1974,opleidingsaanbod,2
1975,transparanter,2
1976,overgedragen,2
1977,stelsel,2
1978,beschouwd,2
1979,maanden,2
1980,werkervaring,2
1981,complementair,2
1982,risicogroepen,2
1983,arbeidsverhoudingen,2
1984,arbeidstijd,2
1985,werkgelegenheidscentra,2
1986,dienstenpakket,2
1987,bemiddeling,2
1988,recente,2
1989,verschuiven,2
1990,beschikbaarheid,2
1991,uitgeruste,2
1992,bedrijventerreinen,2
1993,aangezet,2
1994,concurrentievoordeel,2
1995,arbeidsintensieve,2
1996,immateriële,2
1997,vergrijzing,2
1998,ontstaan,2
1999,tegemoet,2
2000,toenemende,2
2001,strikt,2
2002,programmatie,2
2003,daaraan,2
2004,invoegbedrijven,2
2005,7500,2
2006,gedragen,2
2007,gewone,2
2008,duur,2
2009,uittrekken,2
2010,fiscaal,2
2011,aanmoediging,2
2012,normale,2
2013,cruciaal,2
2014,certificering,2
2015,kaart,2
2016,grondrechten,2
2017,onderneming,2
2018,proces,2
2019,relaties,2
2020,kenniscentra,2
2021,geactiveerd,2
2022,mens,2
2023,consument,2
2024,geprivatiseerd,2
2025,monopolievorming,2
2026,beslissen,2
2027,definitie,2
2028,daadwerkelijke,2
2029,reglementen,2
2030,vergunningsbeleid,2
2031,raken,2
2032,getoetst,2
2033,effectiviteit,2
2034,onderzoeker,2
2035,financieringskanalen,2
2036,behoeve,2
2037,uniforme,2
2038,voorgesteld,2
2039,adequate,2
2040,onderzoekvlaanderen,2
2041,fwo,2
2042,vito,2
2043,beleidsvoorbereidend,2
2044,hoeksteen,2
2045,exportbevordering,2
2046,geleverde,2
2047,digitaal,2
2048,digitale,2
2049,aansluiting,2
2050,kennisinfrastructuur,2
2051,drempels,2
2052,geschikte,2
2053,2002,2
2054,overheidsdiensten,2
2055,exportbevorderende,2
2056,beschikt,2
2057,k,2
2058,energiemarkt,2
2059,rem,2
2060,versnelde,2
2061,liberalisering,2
2062,distributiemaatschappijen,2
2063,verwezenlijken,2
2064,energiebronnen,2
2065,energieefficiënte,2
2066,technologieën,2
2067,produceren,2
2068,warmtekrachtkoppeling,2
2069,instellen,2
2070,berusten,2
2071,kwaliteitsbeleid,2
2072,fungeren,2
2073,toegekend,2
2074,beleidsruimte,2
2075,jeugdbeleid,2
2076,maat,2
2077,geweld,2
2078,erkenning,2
2079,verantwoordelijkheden,2
2080,buitenschoolse,2
2081,netoverschrijdende,2
2082,beleidsnota,2
2083,hulpverlening,2
2084,plaatsing,2
2085,ouderenbeleid,2
2086,bewuste,2
2087,betutteling,2
2088,continu,2
2089,verlopen,2
2090,woorden,2
2091,behoeft,2
2092,soort,2
2093,aanvang,2
2094,pluralisme,2
2095,ontvangen,2
2096,armoedebestrijdingsbeleid,2
2097,multidisciplinaire,2
2098,gehandicaptenbeleid,2
2099,gebouwen,2
2100,‘vaste,2
2101,kosten’,2
2102,ontvangst,2
2103,beantwoord,2
2104,implicaties,2
2105,nieuwkomers,2
2106,voeding,2
2107,ongelijkheid,2
2108,weggewerkt,2
2109,geestelijke,2
2110,ingevuld,2
2111,verloning,2
2112,mannen,2
2113,tegenbeweging,2
2114,1996,2
2115,invalshoek,2
2116,live,2
2117,waarborg,2
2118,zorgzame,2
2119,kennisoverdracht,2
2120,kortom,2
2121,gestelde,2
2122,aantrekkelijke,2
2123,creëren,2
2124,past,2
2125,campagnes,2
2126,bewaking,2
2127,wenselijk,2
2128,onderling,2
2129,wettelijke,2
2130,gediversifieerd,2
2131,onderwijsaanbod,2
2132,objectiveerbare,2
2133,hervorming,2
2134,gemeenschapsonderwijs,2
2135,’,2
2136,officieel,2
2137,inrichtende,2
2138,onderworpen,2
2139,openstaan,2
2140,ongeacht,2
2141,nietconfessionele,2
2142,zedenleer,2
2143,schoolreglement,2
2144,schoolboeken,2
2145,gefinancierde,2
2146,weigeren,2
2147,draagvlak,2
2148,geprofessionaliseerd,2
2149,verplicht,2
2150,leerplichtonderwijs,2
2151,initiële,2
2152,internaten,2
2153,tso,2
2154,bso,2
2155,oa,2
2156,gestart,2
2157,modulaire,2
2158,uitrusting,2
2159,peil,2
2160,aantrekken,2
2161,individueel,2
2162,aanvullingen,2
2163,inzicht,2
2164,omgaan,2
2165,computers,2
2166,daarmee,2
2167,educatieve,2
2168,zwaartepuntvorming,2
2169,concurrentieel,2
2170,universitair,2
2171,geoptimaliseerd,2
2172,uitgenodigd,2
2173,conclusies,2
2174,universiteit,2
2175,herbekeken,2
2176,voortgezette,2
2177,academische,2
2178,verplichte,2
2179,studiefinanciering,2
2180,gebruiken,2
2181,aanpassen,2
2182,decentralisatie,2
2183,kunsten,2
2184,richt,2
2185,anderen,2
2186,verenigingen,2
2187,sociaalculturele,2
2188,wijkgebonden,2
2189,impuls,2
2190,evolueert,2
2191,delen,2
2192,begrip,2
2193,beleidsmatig,2
2194,pluralistisch,2
2195,reflectie,2
2196,antenne,2
2197,rapport,2
2198,sportbeleid,2
2199,slechte,2
2200,aangezien,2
2201,kindvriendelijkheid,2
2202,conventie,2
2203,grootstedelijk,2
2204,geografische,2
2205,verdiept,2
2206,archeologische,2
2207,referentiekader,2
2208,beoogd,2
2209,stedenbouwkundige,2
2210,promoten,2
2211,vrijwaring,2
2212,journalisten,2
2213,houding,2
2214,audiovisueel,2
2215,radio’s,2
2216,radio,2
2217,slagkracht,2
2218,geldt,2
2219,beheerscontract,2
2220,audiovisuele,2
2221,breiden,2
2222,behoudt,2
2223,eerst,2
2224,rest,2
2225,milieurecht,2
2226,strategie,2
2227,voorbereid,2
2228,collectieve,2
2229,gespijsd,2
2230,woonzones,2
2231,verontreinigde,2
2232,commissie,2
2233,industrieterreinen,2
2234,milieuwetgeving,2
2235,milieuvergunning,2
2236,…,2
2237,afdwingbare,2
2238,lozing,2
2239,grondwater,2
2240,hemelwater,2
2241,waterverbruik,2
2242,grootschalige,2
2243,organisatorische,2
2244,implementatie,2
2245,dringende,2
2246,reductieprogramma’s,2
2247,waterzuiveringsinstallaties,2
2248,rwzi’s,2
2249,sneller,2
2250,gefaseerde,2
2251,regulerende,2
2252,huishoudelijk,2
2253,veroorzaakt,2
2254,zelfzuivering,2
2255,riolering,2
2256,verwijdering,2
2257,hoeveelheid,2
2258,stijgen,2
2259,recyclage,2
2260,verbranden,2
2261,verwerkingstechnieken,2
2262,enorme,2
2263,groene,2
2264,samenhangt,2
2265,fossieleenergiegebruik,2
2266,belangrijkste,2
2267,ernst,2
2268,tussentijdse,2
2269,plaatsvinden,2
2270,verwerving,2
2271,planning,2
2272,gezondheid’,2
2273,milieuvergunningen,2
2274,transparantie,2
2275,zonering,2
2276,gewestplan,2
2277,aanvaardbaar,2
2278,20002001,2
2279,gangbare,2
2280,waardevolle,2
2281,handhavingsacties,2
2282,opstarten,2
2283,resultaat,2
2284,oeso,2
2285,landbouwinvesteringsfonds,2
2286,ingeschakeld,2
2287,herstellen,2
2288,mestverwerking,2
2289,groter,2
2290,autogebruik,2
2291,aanvullend,2
2292,publiekeprivate,2
2293,mindergegoeden,2
2294,mobiliteitsconvenant,2
2295,marktaandeel,2
2296,comfort,2
2297,snelheid,2
2298,vervoersmaatschappij,2
2299,platteland,2
2300,uitschrijven,2
2301,overheidsopdrachten,2
2302,vervoersmaatschappijen,2
2303,vervoersmiddel,2
2304,voorstadsnetten,2
2305,gent,2
2306,voet,2
2307,fietspadennetwerk,2
2308,afstand,2
2309,verkrijgen,2
2310,goederenvervoer,2
2311,spoor,2
2312,vrachtvervoer,2
2313,binnenscheepvaart,2
2314,stelselmatig,2
2315,oostende,2
2316,uitgegaan,2
2317,behoud,2
2318,linkerscheldeoever,2
2319,waaslandhaven,2
2320,veilige,2
2321,definitief,2
2322,deurganckdok,2
2323,leefbare,2
2324,voorts,2
2325,waasland,2
2326,inbreng,2
2327,regeringsbeleid,2
2328,personele,2
2329,grootstedelijke,2
2330,woonbehoeften,2
2331,betaalbaar,2
2332,borg,2
2333,voorlichtings,2
2334,bpa,2
2335,startsubsidie,2
2336,zonevreemd,2
2337,bedrijf,2
2338,gemengde,2
2339,haalbaarheid,2
2340,halt,2
2341,toeroepen,2
2342,verzwakt,2
2343,veiligheids,2
2344,samenlevingscontracten,2
2345,arbeidsopleiding,2
2346,bevoorrechte,2
2347,impulsfonds,2
2348,woonomgeving,2
2349,aantrekkelijk,2
2350,bijkomende,2
2351,propere,2
2352,aangepaste,2
2353,huurwoningen,2
2354,huurders,2
2355,opgeheven,2
2356,wooncomplexen,2
2357,verouderde,2
2358,verdringing,2
2359,aanwenden,2
2360,svk’s,2
2361,bepalend,2
2362,handelen,2
2363,engagement,2
2364,brusselaars,2
2365,beschouwt,2
2366,regelen,2
2367,groeit,2
2368,franse,2
2369,tellen,2
2370,onderwijstaal,2
2371,kleuteronderwijs,2
2372,overgang,2
2373,criterium,2
2374,sensibilisering,2
2375,taalunie,2
2376,fungeert,2
2377,vgc,2
2378,onthaal,2
2379,taalwetgeving,2
2380,taalinspectie,2
2381,correct,2
2382,verloopt,2
2383,publicatie,2
2384,objectivering,2
2385,igc,2
2386,diplomatie,2
2387,maart,2
2388,1994,2
2389,constitutionele,2
2390,gemeenschaps,2
2391,gewestmateries,2
2392,constructie,2
2393,verscheidenheid,2
2394,talenregime,2
2395,enz,2
2396,opvolging,2
2397,wto,2
2398,onderhandeling,2
2399,multilateraal,2
2400,verdragen,2
2401,zitting,1
2402,regeringsverklaring,1
2403,tijdsgewricht,1
2404,boeiende,1
2405,bedreiging,1
2406,velerlei,1
2407,loskomt,1
2408,navelstaarderij,1
2409,wantrouwen,1
2410,oplossen,1
2411,wèl,1
2412,góed,1
2413,beleidsintenties,1
2414,ogenblik,1
2415,verliezen,1
2416,bewijzen,1
2417,verzekeren,1
2418,stemhokje,1
2419,uitgezonden,1
2420,hierop,1
2421,neerkwamen,1
2422,voedsel,1
2423,agressie,1
2424,vierkant,1
2425,draait,1
2426,oude,1
2427,bezorgdheden,1
2428,hare,1
2429,toevallig,1
2430,leidmotief,1
2431,doorheen,1
2432,krant,1
2433,balde,1
2434,ondertekening,1
2435,titel,1
2436,afgemeten,1
2437,ferme,1
2438,heen,1
2439,vroeger,1
2440,aspect,1
2441,onszelf,1
2442,landbouwwereld,1
2443,ingrijpen,1
2444,dreigt,1
2445,letterlijk,1
2446,stil,1
2447,schuiven,1
2448,file,1
2449,mikken,1
2450,reizigers,1
2451,tien,1
2452,twaalf,1
2453,tram,1
2454,bus,1
2455,trouwe,1
2456,begoeden,1
2457,expressnetwerk,1
2458,vlotter,1
2459,straal,1
2460,woont,1
2461,missing,1
2462,links,1
2463,baksteen,1
2464,nijverheid,1
2465,recreatie,1
2466,voorlichtingscampagnes,1
2467,gevallen,1
2468,kansarmoede,1
2469,herkenbaar,1
2470,308,1
2471,so,1
2472,ciale,1
2473,laag,1
2474,omlaag,1
2475,terugvallen,1
2476,mazen,1
2477,laaggeschoold,1
2478,werkloos,1
2479,job,1
2480,startbanen,1
2481,goedgekeurd,1
2482,accent,1
2483,noemer,1
2484,plekken,1
2485,aangenaam,1
2486,proper,1
2487,hersteld,1
2488,heropleving,1
2489,horen,1
2490,vielen,1
2491,méér,1
2492,achterop,1
2493,hinken,1
2494,duits,1
2495,inhalen,1
2496,beroepsactieve,1
2497,aangroei,1
2498,hoop,1
2499,gewenste,1
2500,selectief,1
2501,schikken,1
2502,goedkopere,1
2503,abonnementen,1
2504,bestrijden,1
2505,gestaan,1
2506,dreigende,1
2507,hoogstaand,1
2508,écht,1
2509,studiebeurs,1
2510,dure,1
2511,schoolreizen,1
2512,bemiddelde,1
2513,mankracht,1
2514,beroepssecundair,1
2515,gaandeweg,1
2516,informatheken,1
2517,vóór,1
2518,radiozenders,1
2519,gedepolitiseerd,1
2520,gelang,1
2521,overheidsmiddelen,1
2522,gecompenseerd,1
2523,derven,1
2524,zoek,1
2525,omgekeerd,1
2526,afgeslankt,1
2527,kwart,1
2528,blikveld,1
2529,paperassen,1
2530,thuis,1
2531,informatienoden,1
2532,evenals,1
2533,voorneemt,1
2534,wensen,1
2535,dringen,1
2536,behandelen,1
2537,hoeft,1
2538,instructies,1
2539,platgedrukt,1
2540,planningsvereisten,1
2541,convenanten,1
2542,eenzijdig,1
2543,opgelegd,1
2544,diepen,1
2545,verbreden,1
2546,federalisering,1
2547,beslist,1
2548,verlanglijstje,1
2549,hiermee,1
2550,kom,1
2551,luik,1
2552,vaststellen,1
2553,stellingnamen,1
2554,paar,1
2555,geleid,1
2556,stellingenoorlog,1
2557,franstalig,1
2558,afwijzingsfront,1
2559,gebleven,1
2560,hypotheek,1
2561,verwijt,1
2562,puur,1
2563,niettemin,1
2564,voort,1
2565,gegroeid,1
2566,doorbroken,1
2567,helpt,1
2568,niemand,1
2569,kregen,1
2570,franstaligen,1
2571,bereid,1
2572,hervatten,1
2573,grijpen,1
2574,sereen,1
2575,constructief,1
2576,coalitie,1
2577,engageren,1
2578,consequent,1
2579,bevat,1
2580,stevig,1
2581,overzicht,1
2582,meerderheidspartijen,1
2583,verbintenis,1
2584,ineens,1
2585,vooruitgang,1
2586,boeken,1
2587,vrijblijvend,1
2588,breng,1
2589,graag,1
2590,hulde,1
2591,voorzichtige,1
2592,berekeningen,1
2593,geleerd,1
2594,frank,1
2595,soepel,1
2596,vooropgesteld,1
2597,neutralisering,1
2598,creatie,1
2599,gekrompen,1
2600,apparaat,1
2601,professionalisering,1
2602,bestuursmandaat,1
2603,intercommunale,1
2604,medespeler,1
2605,diegene,1
2606,allemaal,1
2607,uitgezet,1
2608,kiezers,1
2609,kritisch,1
2610,nochtans,1
2611,vies,1
2612,woord,1
2613,ontmoediging,1
2614,fout,1
2615,ging,1
2616,bewijs,1
2617,móet,1
2618,politisering,1
2619,keuzen,1
2620,beoogt,1
2621,volledigheid,1
2622,pretentie,1
2623,waarheid,1
2624,pacht,1
2625,vertaling,1
2626,optreedt,1
2627,vertolker,1
2628,ideeën,1
2629,aanvult,1
2630,corrigeert,1
2631,bijstuurt,1
2632,verenigen,1
2633,lange,1
2634,afgelegd,1
2635,toegezonden,1
2636,eigenlijk,1
2637,móesten,1
2638,wou,1
2639,iets,1
2640,scheidt,1
2641,integendeel,1
2642,datgene,1
2643,konden,1
2644,bleek,1
2645,uiteindelijk,1
2646,verrassend,1
2647,veelheid,1
2648,samengesmeed,1
2649,overtuigd,1
2650,keren,1
2651,niets,1
2652,voorzetten,1
2653,aanreiken,1
2654,engagementen,1
2655,plichten,1
2656,burgerzin,1
2657,denis,1
2658,rougemont,1
2659,scherp,1
2660,verval,1
2661,begint,1
2662,afvragen,1
2663,eraan,1
2664,millennium,1
2665,bang,1
2666,zelfgenoegzaam,1
2667,tolerantie,1
2668,wederzijds,1
2669,blik,1
2670,bereidheid,1
2671,enthousiasme,1
2672,voortouw,1
2673,voorbeeld,1
2674,regeerprogramma,1
2675,uitdagende,1
2676,uw,1
2677,bijlage,1
2678,blz,1
2679,ordenen,1
2680,krachtverhoudingen,1
2681,geschud,1
2682,20ste,1
2683,kenmerken,1
2684,wegvallen,1
2685,symbool,1
2686,introductie,1
2687,euro,1
2688,revolutie,1
2689,luiden,1
2690,historisch,1
2691,tijdperk,1
2692,draagwijdte,1
2693,onvermoede,1
2694,dreiging,1
2695,vermelden,1
2696,verbazen,1
2697,verwachtingen,1
2698,bevoegdheidssfeer,1
2699,houvast,1
2700,hem,1
2701,terug,1
2702,exclusief,1
2703,bestraffing,1
2704,krachtlijn,1
2705,regeerverklaring,1
2706,gaande,1
2707,milieuen,1
2708,functioneren,1
2709,slissen,1
2710,lobbys,1
2711,legislaturen,1
2712,klantvriendelijke,1
2713,‘éénloket’gedachte,1
2714,generatie,1
2715,begunstigden,1
2716,zinvolle,1
2717,toekomstgerichte,1
2718,gesprek,1
2719,verhoudingen,1
2720,wijst,1
2721,territorialiteitsbeginsel,1
2722,nietinmenging,1
2723,vraagstuk,1
2724,faciliteiten,1
2725,geworden,1
2726,roept,1
2727,medeburger,1
2728,vertalen,1
2729,tegemoetzien,1
2730,klantvriendelijkheid,1
2731,exponentieel,1
2732,transparant,1
2733,klantvriendelijker,1
2734,ermee,1
2735,onthaald,1
2736,geenszins,1
2737,afzwakking,1
2738,installatie,1
2739,indienen,1
2740,allerhande,1
2741,formaliteiten,1
2742,voortgangsrapport,1
2743,actuele,1
2744,soorten,1
2745,klant,1
2746,gesmeed,1
2747,klantgerichtheid,1
2748,zulke,1
2749,afgewenteld,1
2750,contactpunt,1
2751,aanspreken,1
2752,diezelfde,1
2753,integratieproces,1
2754,bekwame,1
2755,rechtsbescherming,1
2756,beroepsprocedure,1
2757,ingesteld,1
2758,realiseert,1
2759,beperking,1
2760,kabinetsleden,1
2761,ombudsman,1
2762,15,1
2763,democratischer,1
2764,potentiële,1
2765,namen,1
2766,vermindert,1
2767,demotiverend,1
2768,kerntaak,1
2769,inkrimping,1
2770,bijstaan,1
2771,afwegingen,1
2772,bevoegdheidspakketten,1
2773,consultants,1
2774,kabinetskredieten,1
2775,kabinetsmedewerkers,1
2776,opinie,1
2777,vraaggericht,1
2778,wegwijs,1
2779,eerstelijnsvoorlichting,1
2780,infolijn,1
2781,voorlichtingsambtenaren,1
2782,elektronisch,1
2783,bekendmakings,1
2784,imago,1
2785,werkgroep,1
2786,ambtelijke,1
2787,communicatiebudget,1
2788,decumulatie,1
2789,kabinetsopdrachten,1
2790,aanwervingen,1
2791,vergelijkende,1
2792,examens,1
2793,bevorderingen,1
2794,potentieelinschatting,1
2795,extern,1
2796,assessment,1
2797,center,1
2798,interview,1
2799,presentatie,1
2800,mandaatsystemen,1
2801,contractmanagement,1
2802,beklemtonen,1
2803,selectiecentrum,1
2804,overheidspersoneel,1
2805,bemiddelaar,1
2806,selectie,1
2807,contractueel,1
2808,communiceren,1
2809,actieprogrammas,1
2810,regelmatige,1
2811,geloofwaardigheid,1
2812,ondermijnt,1
2813,continue,1
2814,verjonging,1
2815,onmogelijk,1
2816,onverenigbaarheid,1
2817,‘privésector’,1
2818,directiefuncties,1
2819,belangenorganisaties,1
2820,vvsgbestuur,1
2821,vvpbestuur,1
2822,directieraden,1
2823,rechtspersonen,1
2824,overheidsparticipaties,1
2825,parastatalen,1
2826,dabs,1
2827,16,1
2828,aobs,1
2829,vois,1
2830,adviesorganen,1
2831,volksdecreet,1
2832,nauwer,1
2833,betrekken,1
2834,overgelaten,1
2835,electoraal,1
2836,neutraal,1
2837,grootte,1
2838,kiesquorum,1
2839,moeilijker,1
2840,vertekend,1
2841,apparentering,1
2842,resultaatgerichtheid,1
2843,pleit,1
2844,monitoring,1
2845,ondergebracht,1
2846,verzelfstandigde,1
2847,bevatten,1
2848,kernpunten,1
2849,beleidsbepaling,1
2850,resultaatsverbintenissen,1
2851,aanspreekbaarheid,1
2852,daarop,1
2853,rapportage,1
2854,terugkoppeling,1
2855,beleidsondersteunende,1
2856,doelmatigheidsanalyse,1
2857,outsourcingscontract,1
2858,informaticadienstverlening,1
2859,sleutelelementen,1
2860,competentiemanagement,1
2861,ingrepen,1
2862,wervings,1
2863,bevorderingsbeleid,1
2864,beloningsmogelijkheden,1
2865,stringente,1
2866,‘algemene,1
2867,koninklijk,1
2868,besluit’,1
2869,verruiming,1
2870,aanwezige,1
2871,mandaathouders,1
2872,geresponsabiliseerd,1
2873,afge,1
2874,sproken,1
2875,uitoefenen,1
2876,daarna,1
2877,evaluatiesysteem,1
2878,behoorlijk,1
2879,benoemings,1
2880,beroepsprocedures,1
2881,bureaucratisering,1
2882,allen,1
2883,prijze,1
2884,taakstelling,1
2885,functioneert,1
2886,rapportering,1
2887,auditcomité,1
2888,bedrijfsprocessen,1
2889,deskundige,1
2890,controlesysteem,1
2891,formulering,1
2892,aanbevelingen,1
2893,verbeteringen,1
2894,basisprincipe,1
2895,cborapport,1
2896,aanknopingspunt,1
2897,bekommernissen,1
2898,afsprakenregeling,1
2899,bestuursniveaus,1
2900,rollen,1
2901,afgelijnd,1
2902,uitwijzen,1
2903,misdrijven,1
2904,gepleegd,1
2905,toevertrouwd,1
2906,gekozenen,1
2907,organen,1
2908,afgestapt,1
2909,vereisten,1
2910,legitimering,1
2911,werkterrein,1
2912,spreekrecht,1
2913,verstaanbare,1
2914,vlotte,1
2915,ingeval,1
2916,indicaties,1
2917,onregelmatigheden,1
2918,voordoen,1
2919,18,1
2920,gemeentedecreet,1
2921,daarover,1
2922,eigentijdse,1
2923,verdelingscriteria,1
2924,belastingvermogen,1
2925,belastingeenheid,1
2926,hoogwaardige,1
2927,verliest,1
2928,aantrekkingskracht,1
2929,stadsbewoner,1
2930,stedelingen,1
2931,honoreren,1
2932,veiligheidsproblematiek,1
2933,meeruitgaven,1
2934,politiehervorming,1
2935,stijgende,1
2936,pensioenlast,1
2937,bovenstaande,1
2938,investeringsdos,1
2939,siers,1
2940,stimulans,1
2941,vastgestelde,1
2942,bovenlokaal,1
2943,afzonderlijk,1
2944,bestuurskrachtig,1
2945,losser,1
2946,statutaire,1
2947,inperking,1
2948,inbouwen,1
2949,cumulatiebeperkingen,1
2950,representatieve,1
2951,beheersorgaan,1
2952,intergemeentelijke,1
2953,samenwerkingsvormen,1
2954,hulpstructuren,1
2955,welomschreven,1
2956,democratisering,1
2957,rechtsvormen,1
2958,leg,1
2959,convenantenbeleid,1
2960,sectorale,1
2961,beleidsdoelstellingen,1
2962,maatwerk,1
2963,meerjarenfinanciering,1
2964,privéorganisaties,1
2965,provinciegouverneurs,1
2966,aangevat,1
2967,staatkundige,1
2968,blokkeringen,1
2969,inefficiënt,1
2970,overvloedig,1
2971,senaatscommissie,1
2972,werkdocument,1
2973,bevoegdheidsconflicten,1
2974,altijd,1
2975,werkelijke,1
2976,programmapunten,1
2977,gebied,1
2978,voortbouwend,1
2979,instellin,1
2980,uiteindelijke,1
2981,groeikans,1
2982,verdiepen,1
2983,objectief,1
2984,werkbaar,1
2985,model,1
2986,opgelost,1
2987,beslag,1
2988,regeringen,1
2989,parlementen,1
2990,subsidiariteitsprincipe,1
2991,aanpassingen,1
2992,vroegere,1
2993,staatshervormingen,1
2994,verworven,1
2995,breder,1
2996,fiscaliteit,1
2997,selectieve,1
2998,personenbelasting,1
2999,indexering,1
3000,financieringswet,1
3001,onderwijsmiddelen,1
3002,welvaartsvast,1
3003,uitzendarbeid,1
3004,betaalde,1
3005,leerlingenwezen,1
3006,opbrengst,1
3007,energieheffing,1
3008,comité,1
3009,spoorweginfrastructuur,1
3010,energiedomeinen,1
3011,beslissingsrecht,1
3012,aansluitingsvoorwaarden,1
3013,decentrale,1
3014,controlecomité,1
3015,elektriciteit,1
3016,gas,1
3017,orgaan,1
3018,kamers,1
3019,onteigenen,1
3020,nationale,1
3021,loterij,1
3022,controlecommissie,1
3023,verkiezingsuitgaven,1
3024,deblokkering,1
3025,omtrent,1
3026,zendfrequenties,1
3027,definitieve,1
3028,knelpunten,1
3029,btw,1
3030,inverkeerstelling,1
3031,biv,1
3032,eurovignet,1
3033,registratie,1
3034,schenkingsrechten,1
3035,gewestmiddelen,1
3036,samengevoegde,1
3037,vrijstaat,1
3038,vrijstellingen,1
3039,visserij,1
3040,visserijbeleid,1
3041,verkeersmobiliteitsproblematiek,1
3042,uitdiepen,1
3043,aangaande,1
3044,verkeersreglementering,1
3045,politie,1
3046,binnenvaart,1
3047,wetenschapsen,1
3048,aansluit,1
3049,ontwikkelingsbeleid,1
3050,apkb,1
3051,gezinsbijslag,1
3052,samenhangende,1
3053,curatief,1
3054,socialere,1
3055,efficiëntere,1
3056,normerings,1
3057,uitvoeringsbevoegdheden,1
3058,gezondheids,1
3059,gezinsbeleid,1
3060,ambtenarenzaken,1
3061,beleidsparticipatie,1
3062,taalgroepen,1
3063,bdbh,1
3064,optie,1
3065,goedkeuringsvoogdij,1
3066,bipt,1
3067,omgevormd,1
3068,gelijkwaardig,1
3069,grondwet,1
3070,aansluiten,1
3071,staatsstructuur,1
3072,concipiëring,1
3073,boekhouding,1
3074,rekenplichtigen,1
3075,bepaling,1
3076,vervolgingsbeleid,1
3077,regelgevend,1
3078,justitiële,1
3079,gerechtelijk,1
3080,arondissement,1
3081,toegankelijke,1
3082,rechtsbedeling,1
3083,magistraten,1
3084,ingespeeld,1
3085,behoeftennoden,1
3086,schaarsteprobleem,1
3087,uitsluitingsfenomeen,1
3088,afgestemde,1
3089,vermenigvuldiging,1
3090,beleidsmaatregelen,1
3091,programmamanagement,1
3092,gevoeld,1
3093,werkervaringsprogrammas,1
3094,arbeidsmarktbeleid,1
3095,gefundeerde,1
3096,verduidelijking,1
3097,beleidsinitiatieven,1
3098,voorbereidende,1
3099,fase,1
3100,expliciet,1
3101,vitale,1
3102,presteert,1
3103,makend,1
3104,voornamelijk,1
3105,risicogroep,1
3106,kiesarrondissement,1
3107,brusselhallevilvoorde,1
3108,creëert,1
3109,april,1
3110,1997,1
3111,beroepsbevolking,1
3112,aangesloten,1
3113,150000,1
3114,ambitieuzer,1
3115,leuven,1
3116,halvering,1
3117,23,1
3118,lagergeschoolden,1
3119,gang,1
3120,gelijklopende,1
3121,naaste,1
3122,nettoloon,1
3123,verhoogt,1
3124,slaat,1
3125,kinderopvangkosten,1
3126,opvangaanbod,1
3127,werknemersabonnementen,1
3128,aanschaf,1
3129,arbeidsmobiliteit,1
3130,aldus,1
3131,loonmassa,1
3132,besteden,1
3133,doelgericht,1
3134,vormingsen,1
3135,opleidingsinspanningen,1
3136,dien,1
3137,verstande,1
3138,opleidingsplannen,1
3139,bovenop,1
3140,werkvloer,1
3141,opleidingsdoelstelling,1
3142,vlamivorm,1
3143,terwijl,1
3144,eenvormiger,1
3145,opleidingsstelsels,1
3146,betaald,1
3147,leerlingwezen,1
3148,beroepen,1
3149,loondienst,1
3150,performant,1
3151,alternerend,1
3152,deeltijds,1
3153,leerplichtigen,1
3154,vormings,1
3155,opleidings,1
3156,bijgevolg,1
3157,opleidingspact,1
3158,innovatiepact,1
3159,schoolverlater,1
3160,arbeidskostenverlaging,1
3161,onmiddellijk,1
3162,voorafgaand,1
3163,werkaanbod,1
3164,intensieve,1
3165,training,1
3166,attitudevorming,1
3167,omvat,1
3168,24,1
3169,doelmatigheid,1
3170,omgezet,1
3171,eigenlijke,1
3172,tijdelijke,1
3173,betaalt,1
3174,tewerkstellingsprogrammas,1
3175,autonoom,1
3176,doeltreffender,1
3177,ontwikkelt,1
3178,ondersteuningsorganisatie,1
3179,bate,1
3180,moedigt,1
3181,werknemer,1
3182,werkgever,1
3183,arbeidsherverdeling,1
3184,waarom,1
3185,herverdelingsmaatregelen,1
3186,steunend,1
3187,concepten,1
3188,plaatselijke,1
3189,werkgelegenheidsagentschappen,1
3190,werkgelegenheidsconvenanten,1
3191,‘werkwinkels’,1
3192,regie,1
3193,laagdrempelig,1
3194,zelfredzaamheid,1
3195,werkwinkels,1
3196,personenzorg,1
3197,buurtrenovatie,1
3198,milieuzorg,1
3199,ingevolge,1
3200,arbeids,1
3201,organisatieconventie,1
3202,onmiskenbare,1
3203,actor,1
3204,regisseur,1
3205,regiefunctie,1
3206,springen,1
3207,consumptiefase,1
3208,hoogtechnologische,1
3209,kennisintensieve,1
3210,concurrentiepositie,1
3211,kringloop,1
3212,recyclagesectoren,1
3213,geschoolde,1
3214,gerichte,1
3215,ontwikkelingskansen,1
3216,ontsluiting,1
3217,tele,1
3218,thuiswerken,1
3219,werkinhoud,1
3220,invloed,1
3221,tweeverdienerschap,1
3222,duizenden,1
3223,welzijnssector,1
3224,bejaardenhulp,1
3225,thuishulp,1
3226,gehandicaptenzorg,1
3227,nonprofitsector,1
3228,arbeidskostenverminderingen,1
3229,verbonden,1
3230,werkgelegenheidsengagementen,1
3231,lonen,1
3232,driehoeksoverleg,1
3233,geïmplementeerd,1
3234,doorstromingsprojecten,1
3235,opgedaan,1
3236,nuttig,1
3237,overheidssector,1
3238,rege,1
3239,ring,1
3240,werkloosheidsvergoedingen,1
3241,socialeeconomieprojecten,1
3242,diensteneconomie,1
3243,bestaat,1
3244,moment,1
3245,erg,1
3246,ontsluitingsprobleem,1
3247,beleidsniveau,1
3248,vereiste,1
3249,ontsluiten,1
3250,dienstencheques,1
3251,buurtdiensten,1
3252,snelst,1
3253,seizoensarbeid,1
3254,toeristische,1
3255,overlegstructuur,1
3256,overeenkomst,1
3257,26,1
3258,ondernemingsniveau,1
3259,doorvoeren,1
3260,oorzaken,1
3261,stijl,1
3262,‘verantwoord,1
3263,ondernemen’,1
3264,incentives,1
3265,certificeringsinstellingen,1
3266,behalen,1
3267,aanspraak,1
3268,expansiesteun,1
3269,vck,1
3270,sensibiliserende,1
3271,begeleidende,1
3272,hoofdlijnen,1
3273,doorgroeiende,1
3274,systemen,1
3275,zaaigeld,1
3276,bedrijfsadvies,1
3277,privébedrijfsadviseurs,1
3278,globalisering,1
3279,afsprakenkader,1
3280,wereldgezondheidsorganisatie,1
3281,iaoconventies,1
3282,eerlijke,1
3283,wereldhandel,1
3284,nagekomen,1
3285,humanere,1
3286,regel,1
3287,kapitaal,1
3288,bedrijfsinvesteringen,1
3289,verzamelen,1
3290,startende,1
3291,privatiseringen,1
3292,voldaan,1
3293,overheidsbedrijven,1
3294,beursgang,1
3295,ongewenste,1
3296,overnames,1
3297,sturingsmogelijkheid,1
3298,meerderheidsparticipatie,1
3299,faalt,1
3300,investeringsmaatschappij,1
3301,gimv,1
3302,27,1
3303,‘één,1
3304,loket’principe,1
3305,juiste,1
3306,vrij,1
3307,vastleggen,1
3308,haverklap,1
3309,wijzigt,1
3310,ambtenaar,1
3311,indiener,1
3312,eenvoudiger,1
3313,uitgereikt,1
3314,subregionaal,1
3315,onevenwichten,1
3316,basisfinanciering,1
3317,universitaire,1
3318,investeringskredieten,1
3319,drievoudige,1
3320,opdrachtgever,1
3321,onderwerp,1
3322,onderzoeksbeleid,1
3323,imec,1
3324,vib,1
3325,interuniversitair,1
3326,potentieel,1
3327,uitdieping,1
3328,behelst,1
3329,verspreiding,1
3330,combinatie,1
3331,niettechnologische,1
3332,regeling,1
3333,projectvoorstellen,1
3334,impulsprogramma’s,1
3335,‘tussenpersonen’,1
3336,doorverwijzing,1
3337,28,1
3338,stimulerend,1
3339,initiëren,1
3340,innovatieprojecten,1
3341,steunregelingen,1
3342,financieringsmechanismen,1
3343,disciplines,1
3344,valorisatiefunctie,1
3345,trans,1
3346,interdisciplinair,1
3347,projectmatige,1
3348,kmos,1
3349,rationaliseren,1
3350,uniek,1
3351,unieke,1
3352,deelname,1
3353,doorlichting,1
3354,rationalisering,1
3355,statistieken,1
3356,vereenvoudigt,1
3357,mechanismen,1
3358,inventaris,1
3359,wetenschapsvoorlichting,1
3360,prikkelen,1
3361,toegepaste,1
3362,wetenschappen,1
3363,bijgesteld,1
3364,productontwikkeling,1
3365,grondstoffenbesparing,1
3366,marktintroductie,1
3367,bronnen,1
3368,aspectenonderzoek,1
3369,29,1
3370,kwesties,1
3371,genetische,1
3372,manipulatie,1
3373,communicatietechnologieën,1
3374,stofferen,1
3375,inschatting,1
3376,risicos,1
3377,milieugevaarlijke,1
3378,naambekendheid,1
3379,resoluut,1
3380,profileren,1
3381,producent,1
3382,kwaliteitsproducten,1
3383,serieus,1
3384,verstevigd,1
3385,communicatienetwerken,1
3386,stevigere,1
3387,informatiesamenleving,1
3388,verlaagd,1
3389,nict,1
3390,bandbreedteprobleem,1
3391,informatienetwerken,1
3392,telecommunicatieactoren,1
3393,randvoorwaarden,1
3394,icttechnologie,1
3395,vierde,1
3396,internet,1
3397,gedragscode,1
3398,elektronische,1
3399,internetbusiness,1
3400,exportpromotie,1
3401,exportbeleid,1
3402,resterende,1
3403,bundelen,1
3404,voldoet,1
3405,kyoto,1
3406,middellange,1
3407,continuïteit,1
3408,eenvoudig,1
3409,toepasbare,1
3410,productiemaatschappijen,1
3411,verankerd,1
3412,optrekken,1
3413,energieaanbod,1
3414,meerjarenprogramma,1
3415,energiebesparing,1
3416,marktdiffusie,1
3417,energiebeleidsondersteuning,1
3418,kleinschalig,1
3419,wkk,1
3420,windparken,1
3421,energieprestatienormen,1
3422,energiecertificaten,1
3423,ecobonus,1
3424,behoort,1
3425,welvarende,1
3426,regios,1
3427,aanvaardbare,1
3428,ongeluk,1
3429,ziekte,1
3430,onheil,1
3431,anticiperen,1
3432,zorgzaamheid,1
3433,eenieders,1
3434,levenskeuze,1
3435,welzijns,1
3436,geobjectiveerd,1
3437,programmatiebeleid,1
3438,witte,1
3439,vlekken,1
3440,wegwerkt,1
3441,arbeidsdruk,1
3442,verlaagt,1
3443,samenwerkingsmodel,1
3444,sectoroverschrijdend,1
3445,gezondheidsen,1
3446,welzijnsvoorzieningen,1
3447,permanent,1
3448,informatieloket,1
3449,doorverwijzen,1
3450,consultatie,1
3451,filosofie,1
3452,voorafgaande,1
3453,onderstroom,1
3454,kinderrechten,1
3455,luxe,1
3456,kindereffectrapportering,1
3457,welzijnspromotie,1
3458,echtscheiding,1
3459,noodsituaties,1
3460,gestaag,1
3461,lage,1
3462,inkomens,1
3463,negen,1
3464,totaalbeleidsplan,1
3465,voorstelling,1
3466,instap,1
3467,uitzendwerk,1
3468,flexibeler,1
3469,soepele,1
3470,normerend,1
3471,controlerend,1
3472,bestemmen,1
3473,schoolmuren,1
3474,bko,1
3475,buurtniveau,1
3476,motie,1
3477,aanbeveling,1
3478,kwamen,1
3479,meerjarenplan,1
3480,taboes,1
3481,jongerenproblemen,1
3482,bespreekbaar,1
3483,jongerenrechten,1
3484,identiteit,1
3485,hulpverleners,1
3486,jeugdbeschermingsrecht,1
3487,noodoplossing,1
3488,infrastruc,1
3489,tuur,1
3490,senioren,1
3491,volksgroep,1
3492,boze,1
3493,zorgbehoevende,1
3494,samengaan,1
3495,senior,1
3496,vertrouwde,1
3497,thuisomgeving,1
3498,gamma,1
3499,thuiszorgdiensten,1
3500,dagopvang,1
3501,kort,1
3502,verblijf,1
3503,residentiële,1
3504,zorgverleningsvormen,1
3505,nietmedische,1
3506,vergoeden,1
3507,zorgbehoevendheid,1
3508,gefaseerd,1
3509,meeste,1
3510,gebruiksvriendelijk,1
3511,ontvangt,1
3512,gemengd,1
3513,herverdeling,1
3514,kapitalisatie,1
3515,inkomensgerelateerd,1
3516,kapitalisatiesysteem,1
3517,financieren,1
3518,demografische,1
3519,32,1
3520,vangen,1
3521,mantelzorgverleners,1
3522,arme,1
3523,armoedebestrijding,1
3524,uitbetalen,1
3525,’bestaansminimum’,1
3526,inclusieve,1
3527,armoedeprobleem,1
3528,buurtcomités,1
3529,huisvestingsbeleid,1
3530,gestructureerd,1
3531,vertegenwoordigers,1
3532,emancipatie,1
3533,kansarmoedebestrijding,1
3534,buurtcentra,1
3535,daarrond,1
3536,woonvormen,1
3537,woonbegeleiding,1
3538,zorgwonen,1
3539,uitzichtloze,1
3540,schulden,1
3541,gehandicapte,1
3542,zorgverlening,1
3543,gebruiksvriendelijke,1
3544,minimum,1
3545,ambulante,1
3546,assistentiebudget,1
3547,mantelzorg,1
3548,ondersteuningsbeleid,1
3549,resoluties,1
3550,auditieve,1
3551,autisme,1
3552,werkgelegenheidskansen,1
3553,ondersteuningsmogelijkheden,1
3554,opleidingsprogrammas,1
3555,volwassen,1
3556,volume,1
3557,verborgen,1
3558,ontkend,1
3559,samenlevingsproblemen,1
3560,autochtonen,1
3561,etnischculturele,1
3562,minderheden,1
3563,roep,1
3564,beleidsvernieuwing,1
3565,gehandicaptensector,1
3566,deeldomeinen,1
3567,verblijven,1
3568,kennismaken,1
3569,eigenheid,1
3570,medeburgers,1
3571,sporen,1
3572,inburgeringscontract,1
3573,ontmoeting,1
3574,zelforganisaties,1
3575,logistieke,1
3576,kwaliteitsdoelstellingen,1
3577,verfijning,1
3578,haalbare,1
3579,methodes,1
3580,intersectorale,1
3581,sectoroverschrijdende,1
3582,thematieken,1
3583,netwerkvorming,1
3584,eerstelijnssectoren,1
3585,borstkankerscreening,1
3586,aidspreventie,1
3587,drugpreventie,1
3588,gezonde,1
3589,evenwaardige,1
3590,wachtlijsten,1
3591,toegevoegd,1
3592,gezondheidsdoelstellingen,1
3593,epidemiologische,1
3594,bevolkingsonderzoek,1
3595,gedocumenteerde,1
3596,gezondheidsdatabank,1
3597,thuiszorgbeleid,1
3598,l,1
3599,discriminatie,1
3600,geslacht,1
3601,afkomst,1
3602,leeftijd,1
3603,seksuele,1
3604,geaardheid,1
3605,trekt,1
3606,overheidsingrijpen,1
3607,wijzen,1
3608,vesoc,1
3609,homos,1
3610,lesbiennes,1
3611,vijfentwintig,1
3612,opvoeding,1
3613,reden,1
3614,attitudes,1
3615,veroveren,1
3616,menselijke,1
3617,jacques,1
3618,delors,1
3619,34,1
3620,haalt,1
3621,‘learning,1
3622,the,1
3623,treasure,1
3624,within’,1
3625,vruchtbare,1
3626,know,1
3627,do,1
3628,together,1
3629,with,1
3630,others,1
3631,achtereenvolgens,1
3632,competenties,1
3633,persoonlijkheidsontplooiing,1
3634,tolerante,1
3635,menslievende,1
3636,ingaat,1
3637,onbegrip,1
3638,onverdraagzaamheid,1
3639,vereenzaming,1
3640,meemaken,1
3641,gestoeld,1
3642,schoolbevolking,1
3643,baat,1
3644,participerende,1
3645,schoolcultuur,1
3646,overlegorganen,1
3647,ivoren,1
3648,toren,1
3649,gedeelde,1
3650,evident,1
3651,toezien,1
3652,overbevraging,1
3653,ingedijkt,1
3654,voltijdse,1
3655,kunstonderwijs,1
3656,emancipatieve,1
3657,bijbrengen,1
3658,ethische,1
3659,inzichten,1
3660,markttermen,1
3661,beoordeeld,1
3662,wijs,1
3663,intellectueel,1
3664,emotioneel,1
3665,creatief,1
3666,onderwijsverstrekkers,1
3667,verscherpen,1
3668,gerechtvaardigde,1
3669,onderwijsgebruiker,1
3670,element,1
3671,aangename,1
3672,schoolomgeving,1
3673,bevorderlijk,1
3674,verfraaiing,1
3675,onderwijspatrimonium,1
3676,antisociaal,1
3677,gedrag,1
3678,onderwijsinfrastructuur,1
3679,vernieuwende,1
3680,intensiever,1
3681,openstelling,1
3682,beleidsondersteuning,1
3683,bijscholing,1
3684,behandeld,1
3685,evenzeer,1
3686,arbeidsomstandigheden,1
3687,kiest,1
3688,35,1
3689,osp,1
3690,reglementaire,1
3691,type,1
3692,hoktsp,1
3693,waarborgt,1
3694,behoeftedekkend,1
3695,volwassenen,1
3696,besluiten,1
3697,‘wat,1
3698,kost,1
3699,onderwijslandschap,1
3700,belangrijker,1
3701,‘hoeveel,1
3702,onderwijsnet,1
3703,netversterkende,1
3704,louter,1
3705,veeleer,1
3706,grondwettelijke,1
3707,vrijekeuzescholen,1
3708,normaal,1
3709,machten,1
3710,gelijkwaardige,1
3711,boekhoudkundige,1
3712,jaarverslag,1
3713,macht,1
3714,ideolo,1
3715,gische,1
3716,filosofische,1
3717,godsdienstige,1
3718,opvattingen,1
3719,leerplichtig,1
3720,onderricht,1
3721,godsdiensten,1
3722,godsdienstonderwijs,1
3723,leermeester,1
3724,leerkracht,1
3725,schoolwerkplan,1
3726,pedagogisch,1
3727,levensbeschouwelijk,1
3728,godsdienstig,1
3729,da,1
3730,t,1
3731,omschreven,1
3732,tekenen,1
3733,leerplichtige,1
3734,doorgezonden,1
3735,schoolleven,1
3736,verstoren,1
3737,gevonden,1
3738,nondiscriminatieverklaring,1
3739,kalmte,1
3740,vrijwilligheid,1
3741,kwaliteitbewaking,1
3742,36,1
3743,kwaliteitscontrole,1
3744,aanvullen,1
3745,ontwikkelingsdoelen,1
3746,basiscompetenties,1
3747,vakoverschrijdende,1
3748,thema’s,1
3749,aangevuld,1
3750,lichamelijke,1
3751,muzische,1
3752,steld,1
3753,klas,1
3754,leerlingenbegeleiding,1
3755,deskundigen,1
3756,collegas,1
3757,leermoeilijkheden,1
3758,‘beleidsvoerend,1
3759,vermogen’,1
3760,nascholingen,1
3761,directie,1
3762,aangestelde,1
3763,directies,1
3764,mandaatprincipe,1
3765,zieke,1
3766,ziekenhuisscholen,1
3767,leefkwaliteit,1
3768,omgeving,1
3769,verdienen,1
3770,denken,1
3771,cascadeeffect,1
3772,drugs,1
3773,aanspreekpunten,1
3774,zorgverbredings,1
3775,onderwijsvoorrangsbeleidprojecten,1
3776,aangewende,1
3777,familiale,1
3778,achterstanden,1
3779,hanteerbaar,1
3780,deskundigheid,1
3781,klasleerkrachten,1
3782,opsporing,1
3783,veronder,1
3784,kansrijke,1
3785,werklast,1
3786,verruimd,1
3787,permitteren,1
3788,kou,1
3789,dromen,1
3790,ontnemen,1
3791,talenten,1
3792,ongebruikt,1
3793,opwaardering,1
3794,absolute,1
3795,buitengewoon,1
3796,onaanvaardbaar,1
3797,onnodige,1
3798,frustraties,1
3799,spanningen,1
3800,terugvinden,1
3801,knelpuntberoepen,1
3802,remediëren,1
3803,correctie,1
3804,graad,1
3805,onderwijsvormen,1
3806,component,1
3807,asoopleiding,1
3808,opbouw,1
3809,aansluitingen,1
3810,vdabopleidingen,1
3811,beroepsopleidingen,1
3812,dbo,1
3813,37,1
3814,leerplicht,1
3815,verricht,1
3816,beroepsen,1
3817,‘uitrustingsfonds’,1
3818,infrastructurele,1
3819,stageplaatsen,1
3820,beroeps,1
3821,werkzekerheid,1
3822,zekerheid,1
3823,vervangingspools,1
3824,afgestudeerden,1
3825,jaaraanstelling,1
3826,streek,1
3827,scholengroep,1
3828,vakmensen,1
3829,praktijkervaring,1
3830,opdoen,1
3831,ictgeletterdheid,1
3832,evaluaties,1
3833,verrijking,1
3834,personeelsleden,1
3835,verwezenlijkt,1
3836,personeelslid,1
3837,belast,1
3838,functiebeschrijving,1
3839,lesuren,1
3840,uitgedrukt,1
3841,onderhevig,1
3842,rustig,1
3843,formalisering,1
3844,vervreemden,1
3845,beroepsprofielen,1
3846,lerarenprofielen,1
3847,beschikbaar,1
3848,computeranalfabetisme,1
3849,schaal,1
3850,upgrading,1
3851,cursisten,1
3852,vakken,1
3853,leergebieden,1
3854,gegarandeerde,1
3855,vraaggestuurde,1
3856,geoperationaliseerde,1
3857,parallel,1
3858,tekorten,1
3859,werkingsuitkeringen,1
3860,opgevangen,1
3861,enveloppe,1
3862,primordiale,1
3863,38,1
3864,bof,1
3865,verzoek,1
3866,bedrijfsweefsel,1
3867,verrichten,1
3868,werkomgeving,1
3869,geschat,1
3870,kloof,1
3871,investeringsmiddelen,1
3872,gedicht,1
3873,versnippering,1
3874,inventiviteit,1
3875,bewandelen,1
3876,gebaat,1
3877,statusquo,1
3878,vaandel,1
3879,wapent,1
3880,samenwerkingsmodellen,1
3881,binaire,1
3882,overstijgen,1
3883,daaruit,1
3884,gepaste,1
3885,transnationale,1
3886,limburg,1
3887,metaevaluatie,1
3888,veralgemenen,1
3889,onderwijsstructuur,1
3890,flexibilisering,1
3891,modularisering,1
3892,afstandsonderwijs,1
3893,voren,1
3894,geschoven,1
3895,onderwijsinnovatie,1
3896,operationalisering,1
3897,sorbonne,1
3898,bolognaverklaringen,1
3899,vlir,1
3900,vlhora,1
3901,docenten,1
3902,diploma’s,1
3903,bewerkstelligen,1
3904,renderen,1
3905,basisdecreten,1
3906,begintermen,1
3907,eerstejaarsstudenten,1
3908,inschrijvingsgeld,1
3909,magistratenschool,1
3910,octopusakkoord,1
3911,wegnemen,1
3912,reëel,1
3913,nietduurzame,1
3914,schooluitrusting,1
3915,schriften,1
3916,fotokopieën,1
3917,schooltijdschriften,1
3918,basisschool,1
3919,kosteloosheid,1
3920,facultatieve,1
3921,lesprogramma,1
3922,participatieorganen,1
3923,bepalende,1
3924,factor,1
3925,gelijkgeschakeld,1
3926,gemakkelijker,1
3927,drempel,1
3928,studietoelage,1
3929,doordat,1
3930,maximuminkomensgrens,1
3931,vermoedelijke,1
3932,bodemki,1
3933,beurs,1
3934,eenmaal,1
3935,richtlijnen,1
3936,beursgerechtigd,1
3937,aanvatten,1
3938,studies,1
3939,leerwegen,1
3940,aangelegenheid,1
3941,consumenten,1
3942,weloverwogen,1
3943,decentralisatiebeleid,1
3944,expliciteren,1
3945,zinvoller,1
3946,gedecentraliseerd,1
3947,gesitueerd,1
3948,persoonlijkheidsontwikkeling,1
3949,veelzijdig,1
3950,betuttelen,1
3951,bevoogden,1
3952,gedijen,1
3953,verengd,1
3954,elitecultuur,1
3955,individu,1
3956,vullen,1
3957,cultuurbereik,1
3958,cultuurcheques,1
3959,middenveld,1
3960,prominente,1
3961,vollediger,1
3962,wint,1
3963,diepte,1
3964,confrontatie,1
3965,vandaar,1
3966,assimileren,1
3967,gemeenschapsopbouw,1
3968,zingeving,1
3969,hechte,1
3970,bloeiend,1
3971,volksontwikkeling,1
3972,verdient,1
3973,bevrijd,1
3974,beklemming,1
3975,archiefbeleid,1
3976,verschaft,1
3977,volgt,1
3978,herschreven,1
3979,herdefiniëren,1
3980,cultuurbegrip,1
3981,deregulering,1
3982,nastreven,1
3983,maatschappijgeest,1
3984,voelbaar,1
3985,mening,1
3986,levensfilosofie,1
3987,meningen,1
3988,opbrengen,1
3989,pad,1
3990,verzuiling,1
3991,stilaan,1
3992,verlegd,1
3993,decentraal,1
3994,gekwalificeerd,1
3995,intern,1
3996,garandeert,1
3997,nietgeorganiseerden,1
3998,kostenverdeling,1
3999,belangstellingssfeer,1
4000,ingegeven,1
4001,dekken,1
4002,motor,1
4003,morgen,1
4004,kunstenbeleid,1
4005,kunstgebeuren,1
4006,teveel,1
4007,gevestigde,1
4008,podiumkunstenplan,1
4009,erkenningsronde,1
4010,podiumkunstendecreet,1
4011,podiumkunstenbeleid,1
4012,nominatim,1
4013,beschotten,1
4014,podiumkunsten,1
4015,infrastructuurfonds,1
4016,rollend,1
4017,opgevat,1
4018,juridisch,1
4019,subcommissie,1
4020,kamer,1
4021,volksvertegenwoordigers,1
4022,jongerenbeleid,1
4023,nietgeorganiseerde,1
4024,jongerencultuurfonds,1
4025,jongerencultuur,1
4026,subsidiëren,1
4027,41,1
4028,sportbeoefening,1
4029,vernieuwd,1
4030,fysieke,1
4031,conditie,1
4032,terechtkomen,1
4033,clubs,1
4034,sportdiensten,1
4035,jeugdsportbeleid,1
4036,scharnierfunctie,1
4037,sportgebeuren,1
4038,coördineren,1
4039,sportclubs,1
4040,schoolsportfederatie,1
4041,medischpedagogische,1
4042,sportaccommodatie,1
4043,sportinfrastructuur,1
4044,ondernemingszin,1
4045,kandidaatexploitanten,1
4046,fitnesscentra,1
4047,professionele,1
4048,bloso,1
4049,overheidssubsidiëring,1
4050,stimulering,1
4051,samenbundeling,1
4052,ideologisch,1
4053,verzuilde,1
4054,dopingbestrijding,1
4055,controleurs,1
4056,politionele,1
4057,anticiperend,1
4058,strijd,1
4059,dopinggebruik,1
4060,voortgangsbewaking,1
4061,dopingcontroles,1
4062,antidopingscommissie,1
4063,gezondheidsraad,1
4064,dopingproblematiek,1
4065,landschappen,1
4066,archeologie,1
4067,rondt,1
4068,lopende,1
4069,bouwkundig,1
4070,beschermingsbeleid,1
4071,granada,1
4072,roerend,1
4073,beschermde,1
4074,cultuurhistorisch,1
4075,waardevol,1
4076,varend,1
4077,interactie,1
4078,verwezenlijking,1
4079,vitalisering,1
4080,stadskernen,1
4081,ocgis,1
4082,monumentendag,1
4083,verbreed,1
4084,personeelsmatige,1
4085,dossierachterstand,1
4086,beheersopdrachten,1
4087,monumentenzorg,1
4088,voorschriften,1
4089,onlangs,1
4090,42,1
4091,krachtigde,1
4092,malta,1
4093,betekenis,1
4094,levenskwaliteit,1
4095,actueel,1
4096,denk,1
4097,densiteiten,1
4098,architecturale,1
4099,netwerkcentrum,1
4100,synergieën,1
4101,bewerkstelligt,1
4102,belangrijkere,1
4103,basisvoorwaarden,1
4104,namelijk,1
4105,meningsuiting,1
4106,informatiegaring,1
4107,pluriformiteit,1
4108,pers,1
4109,noodwendigheden,1
4110,kennismaatschappij,1
4111,informatiestroom,1
4112,overdreven,1
4113,concentraties,1
4114,mededinging,1
4115,realiteit,1
4116,mediabedrijven,1
4117,medialandschap,1
4118,‘vierde,1
4119,macht’,1
4120,genoemd,1
4121,uitgevers,1
4122,redactiestatuut,1
4123,nagegaan,1
4124,frequentieruimte,1
4125,aangeven,1
4126,frequentieaanduiding,1
4127,qua,1
4128,zendcomfort,1
4129,zenders,1
4130,studio,1
4131,donna,1
4132,geniet,1
4133,decreetbepalingen,1
4134,mbt,1
4135,demonopoliseren,1
4136,landschap,1
4137,depolitiseren,1
4138,vzw’s,1
4139,reorganisatie,1
4140,gemeenschapsopdracht,1
4141,gesteunde,1
4142,verwoord,1
4143,uiteraard,1
4144,verstrekte,1
4145,onderhandeld,1
4146,machtiging,1
4147,ondertekenen,1
4148,coproductie,1
4149,naargelang,1
4150,compensatie,1
4151,gederfde,1
4152,inbegrepen,1
4153,mediaruil,1
4154,gerelateerde,1
4155,sponsoring,1
4156,negatieve,1
4157,conformiteitscontrole,1
4158,opportuniteitscontrole,1
4159,duidelijker,1
4160,oordelen,1
4161,metingen,1
4162,milieuoogpunt,1
4163,toestand,1
4164,slechter,1
4165,milieunormen,1
4166,gezondheidsnormen,1
4167,gebiedsgericht,1
4168,ecosystemen,1
4169,afvalbeleid,1
4170,schenkt,1
4171,mediaactoren,1
4172,6vlaams,1
4173,filmbeleid,1
4174,analyseren,1
4175,wor,1
4176,consumptie,1
4177,besparing,1
4178,zuiniger,1
4179,inzet,1
4180,‘kwaliteitsbewaking’,1
4181,levensduur,1
4182,normeert,1
4183,controleert,1
4184,bestraft,1
4185,privéoptre,1
4186,44,1
4187,marktconform,1
4188,privéinstantie,1
4189,waterbodems,1
4190,herstel,1
4191,watersystemen,1
4192,milieuthema’s,1
4193,bodem,1
4194,bodemsaneringfondsen,1
4195,voorwaardelijk,1
4196,industriegronden,1
4197,diffuse,1
4198,bodemverontreiniging,1
4199,accuraat,1
4200,geroepen,1
4201,‘actief,1
4202,bodembeheer’,1
4203,ovam,1
4204,saneringen,1
4205,vrijgemaakt,1
4206,gesaneerde,1
4207,toenemen,1
4208,gedeeltelijk,1
4209,gelenigd,1
4210,interventies,1
4211,vervolgens,1
4212,bodemsaneringsbeleid,1
4213,uitvoeringsvlak,1
4214,consistentie,1
4215,bodemsaneringsdecreet,1
4216,stedenbouw,1
4217,kwantitatief,1
4218,gekwantificeerde,1
4219,winning,1
4220,afbouw,1
4221,mestspreidingsbeleid,1
4222,verspilling,1
4223,laagwaardig,1
4224,onverantwoorde,1
4225,gezuiverd,1
4226,ondernomen,1
4227,watercircuits,1
4228,kringwater,1
4229,drinkwater,1
4230,waterkwaliteitsbeleid,1
4231,relevante,1
4232,lozingen,1
4233,bedrijfsafvalwater,1
4234,bijsturen,1
4235,aquafinoperatie,1
4236,accentverlegging,1
4237,collectorenbeleid,1
4238,zuivering,1
4239,waterbeheer,1
4240,kwaliteitkwantiteitnatuur,1
4241,zodanig,1
4242,vereenvoudigingdoorzichtigheid,1
4243,onschuldig,1
4244,bezit,1
4245,regres,1
4246,4°,1
4247,faillissement,1
4248,1998,1
4249,gewijzigde,1
4250,vlarebo,1
4251,richtlijn,1
4252,afkoppelingsbeleid,1
4253,45,1
4254,betrokkene,1
4255,lozen,1
4256,oppervlaktewater,1
4257,organische,1
4258,metalen,1
4259,vergunningsstelsel,1
4260,waterheffingsregeling,1
4261,grootverbruikers,1
4262,watervervuiling,1
4263,rioleringsnet,1
4264,rioleringsstelsels,1
4265,afkoppeling,1
4266,infiltratie,1
4267,meerjarenplannen,1
4268,kostenbatenanalyses,1
4269,gedragssturende,1
4270,rioleringrwzi,1
4271,mie,1
4272,milieubewuste,1
4273,milieuvriendelijkheid,1
4274,vervangbaarheid,1
4275,onderdelen,1
4276,productiecriteria,1
4277,strenge,1
4278,milieuvoorwaarden,1
4279,afvalstroom,1
4280,perken,1
4281,recycleren,1
4282,terugnameplicht,1
4283,drankverpakking,1
4284,strengere,1
4285,‘secundaire,1
4286,grondstoffen’,1
4287,realistische,1
4288,afzetmogelijkheden,1
4289,spanningsveld,1
4290,emissienormen,1
4291,afvalverbrandingsprocessen,1
4292,nuttige,1
4293,milieuvergunningsvoorwaarden,1
4294,leest,1
4295,geschoeid,1
4296,steunpunt,1
4297,emissiepreventie,1
4298,herstelarbeid,1
4299,productieprocessen,1
4300,afvalvoorkomende,1
4301,kostentoerekening,1
4302,kostendekking,1
4303,bijstand,1
4304,gewijzigd,1
4305,productaansprakelijkheid,1
4306,econo,1
4307,alhoewel,1
4308,verwerken,1
4309,ladder,1
4310,lansink,1
4311,composterenvergisten,1
4312,energierecuperatie,1
4313,storten,1
4314,restfractie,1
4315,overblijven,1
4316,verwerkt,1
4317,46,1
4318,afvalstoffenplan,1
4319,verscherpt,1
4320,moratorium,1
4321,afgekondigd,1
4322,gebouwd,1
4323,optiek,1
4324,opgedreven,1
4325,verkregen,1
4326,verwerking,1
4327,hoogcalorische,1
4328,residu’s,1
4329,bbtstudie,1
4330,ogen,1
4331,zijnde,1
4332,resulteren,1
4333,fractie,1
4334,verbrand,1
4335,secundaire,1
4336,brandstof,1
4337,gecommercialiseerd,1
4338,opzegmogelijkheid,1
4339,pachtovereenkomst,1
4340,boseigendommen,1
4341,stimulerende,1
4342,bosuitbreidingsdoelstellingen,1
4343,effectiever,1
4344,bosbeheer,1
4345,gecertificeerd,1
4346,boseigenaars,1
4347,successierechten,1
4348,jachtdecreet,1
4349,gemoderniseerd,1
4350,fauna,1
4351,resulteert,1
4352,10000,1
4353,bosuitbreiding,1
4354,38000,1
4355,natuurbehoud,1
4356,geconcretiseerd,1
4357,gewestplanwijzigingen,1
4358,natuurrichtplannen,1
4359,verstedelijkte,1
4360,‘stadsbossen’,1
4361,impulsen,1
4362,tewerkstelling,1
4363,medewerkers,1
4364,ingenieurs,1
4365,stabiele,1
4366,overheidsfinanciering,1
4367,afgebakende,1
4368,natuurrendement,1
4369,co2,1
4370,broeikasgas,1
4371,co2emissie,1
4372,bijna,1
4373,fossiele,1
4374,brandstoffen,1
4375,energieopwekking,1
4376,milieuconferentie,1
4377,rio,1
4378,1992,1
4379,probleem,1
4380,vastgesteld,1
4381,belgië,1
4382,ondertekende,1
4383,klimaatverdrag,1
4384,emissies,1
4385,broeikasgassen,1
4386,thema,1
4387,aankoopbeleid,1
4388,energiebe,1
4389,47,1
4390,sparing,1
4391,waterkracht,1
4392,wind,1
4393,zonneenergie,1
4394,biomassa,1
4395,overlapt,1
4396,deels,1
4397,omvatten,1
4398,rapporteringen,1
4399,verwezen,1
4400,milieurapporten,1
4401,oesoreview,1
4402,ingehaald,1
4403,impulsprogramma,1
4404,‘milieu,1
4405,‘kinderen,1
4406,urgentieprogramma,1
4407,overmaat,1
4408,ozon,1
4409,troposfeer,1
4410,ingelopen,1
4411,biodiversiteit,1
4412,‘vervuiling’,1
4413,saneren,1
4414,milieuschade,1
4415,accurate,1
4416,afhandeling,1
4417,homogene,1
4418,milieubelasting,1
4419,milieuvergunningsplicht,1
4420,vervangen,1
4421,overeenkomstig,1
4422,probleemloos,1
4423,koppeling,1
4424,bouwvergunning,1
4425,meldingsplicht,1
4426,uitwerkt,1
4427,heffingssystemen,1
4428,teneinde,1
4429,voorspelbaarheid,1
4430,‘de,1
4431,vervuiler,1
4432,betaalt’,1
4433,stimulansen,1
4434,behoudens,1
4435,wijzigingen,1
4436,voortvloeien,1
4437,aangekondigde,1
4438,constant,1
4439,verhogingen,1
4440,verschuivingen,1
4441,uitgewerkte,1
4442,langetermijnvisie,1
4443,omringende,1
4444,naleven,1
4445,milieureglementering,1
4446,behaald,1
4447,beklemtoond,1
4448,invalshoeken,1
4449,gedegen,1
4450,ervaring,1
4451,belemme,1
4452,48,1
4453,ringen,1
4454,verwijderd,1
4455,diepgaand,1
4456,handhavers,1
4457,toevalstreffers,1
4458,planmatige,1
4459,facet,1
4460,werkjaar,1
4461,gepland,1
4462,jaarprogramma,1
4463,nadien,1
4464,toezichthoudende,1
4465,aminal,1
4466,milieuinspectie,1
4467,herkenbare,1
4468,gedragswijzigingen,1
4469,milieuproblemen,1
4470,responsabiliseren,1
4471,vormgeving,1
4472,organisatiestructuur,1
4473,bestekken,1
4474,overheidsorganisaties,1
4475,toepassen,1
4476,milieuzorgsystemen,1
4477,even,1
4478,natuureducatie,1
4479,milieueducatiebeleid,1
4480,consumentenbeleid,1
4481,aankoopgedrag,1
4482,verbruik,1
4483,inzetten,1
4484,vormingswerkers,1
4485,basiswerkingen,1
4486,ecoteams,1
4487,agenda,1
4488,decreetgeving,1
4489,voorontwerp,1
4490,commissiebocken,1
4491,milieueffectenrapportering,1
4492,aansprakelijkheid,1
4493,beleidsplanning,1
4494,resultaatcontrole,1
4495,kostenefficiëntie,1
4496,milieumaatschappij,1
4497,vmm,1
4498,concreter,1
4499,duidelijkere,1
4500,overheidssfeer,1
4501,alleszins,1
4502,beheerscontracten,1
4503,uitvoerder,1
4504,incorporatie,1
4505,milieuoverwegingen,1
4506,landbouwsector,1
4507,geplande,1
4508,milieudoelstellingen,1
4509,landbouwsteun,1
4510,voorwaardelijke,1
4511,inkomenssteun,1
4512,prestaties,1
4513,vlif,1
4514,agro,1
4515,visserijmarketing,1
4516,geherdefinieerd,1
4517,georiënteerd,1
4518,zelfstandige,1
4519,grondgebonden,1
4520,dierenwelzijn,1
4521,mestproblematiek,1
4522,vergelijkbare,1
4523,installaties,1
4524,map,1
4525,nitratenrichtlijn,1
4526,gehaald,1
4527,reducerend,1
4528,volumebeleid,1
4529,onafwendbaar,1
4530,landbouwers,1
4531,fruittelers,1
4532,gereduceerd,1
4533,landbouwbevoegdheden,1
4534,2010,1
4535,landbouwareaal,1
4536,biologisch,1
4537,bewerken,1
4538,milieuvriendelijkere,1
4539,bedrijfssystemen,1
4540,pesticidengebruik,1
4541,ontmoedigd,1
4542,pesticidenreductieprogramma,1
4543,casu,1
4544,reductie,1
4545,bestrijdingsmiddelen,1
4546,2005,1
4547,vergelijking,1
4548,1990,1
4549,ammoniakreductieplan,1
4550,steunmaatregelen,1
4551,fondsen,1
4552,plattelandsontwikkeling,1
4553,overheidsinstanties,1
4554,eenduidig,1
4555,woonwerkverkeer,1
4556,dergelijk,1
4557,behoefteanalyse,1
4558,prioriteitstelling,1
4559,uitgaande,1
4560,mobiliteitsknelpunten,1
4561,pps,1
4562,toelaat,1
4563,‘duurzame,1
4564,vlaanderen’,1
4565,milieuvervuiling,1
4566,terugdrin,1
4567,bereikbaarheid,1
4568,kers’,1
4569,genietenkinderen,1
4570,jonger,1
4571,verkeersslachtoffers,1
4572,behoefteanalyses,1
4573,zwakke,1
4574,weggebruiker,1
4575,verkeerseducatie,1
4576,theoretische,1
4577,rijbewijsopleiding,1
4578,klantvriendelijk,1
4579,concurrerend,1
4580,multimodaal,1
4581,tariefbeleid,1
4582,realistisch,1
4583,auto,1
4584,reiziger,1
4585,stiptheid,1
4586,prijszetting,1
4587,vervoermaatschapij,1
4588,tarievenpolitiek,1
4589,‘trouwe,1
4590,gebrui,1
4591,onderbouwen,1
4592,beleidsinstrument,1
4593,bruikbaarheid,1
4594,bijgedragen,1
4595,modernisering,1
4596,bezoldigd,1
4597,neerleggen,1
4598,minimale,1
4599,bedieningsnormen,1
4600,opstelt,1
4601,systematische,1
4602,gelijkmatig,1
4603,gespreid,1
4604,afgerond,1
4605,grootsteden,1
4606,prijzenpolitiek,1
4607,gegenereerd,1
4608,voorbeelden,1
4609,tonen,1
4610,concurrentie,1
4611,aanbestedingen,1
4612,contracten,1
4613,voordeliger,1
4614,derhalve,1
4615,uitbesteden,1
4616,loon,1
4617,arbeidsvoorwaarden,1
4618,openbaarvervoersnet,1
4619,eenheid,1
4620,horende,1
4621,ontwaardingssystemen,1
4622,51,1
4623,onderzoekt,1
4624,spoorvervoer,1
4625,aanvulling,1
4626,nmbsaanbod,1
4627,taxi,1
4628,kostendrukkende,1
4629,interessant,1
4630,punten,1
4631,fietsveiligheid,1
4632,afwerken,1
4633,‘missing,1
4634,links’,1
4635,beveiligen,1
4636,voorstedelijke,1
4637,tramnetten,1
4638,mivb,1
4639,tec,1
4640,expresnetwerk,1
4641,stads,1
4642,streekvervoer,1
4643,aanzienlijk,1
4644,getekend,1
4645,gehonoreerd,1
4646,parkandridevoorzieningen,1
4647,vervoersnet,1
4648,woon,1
4649,schoolverkeer,1
4650,adequaat,1
4651,ideale,1
4652,totaalplan,1
4653,herinrichting,1
4654,zwarte,1
4655,weginfrastructuur,1
4656,voortzetten,1
4657,edm,1
4658,verkeersknelpunten,1
4659,verlies,1
4660,files,1
4661,verkeersknooppunten,1
4662,ontsloten,1
4663,ontbrekende,1
4664,waterwegeninfrastructuur,1
4665,drukken,1
4666,onderbrengen,1
4667,oeververbindingen,1
4668,onderboven,1
4669,schelde,1
4670,beheersmaatschappij,1
4671,beperktheid,1
4672,prioriteitenlijst,1
4673,afgewogen,1
4674,afgeweken,1
4675,mits,1
4676,motivering,1
4677,comform,1
4678,ontlasten,1
4679,ligging,1
4680,52,1
4681,haalbaar,1
4682,verschoven,1
4683,transport,1
4684,2de,1
4685,spoorontsluiting,1
4686,multifunctioneel,1
4687,reactiveren,1
4688,ijzeren,1
4689,rijn,1
4690,‘strategische,1
4691,knelpunten’,1
4692,weren,1
4693,vrachtwagens,1
4694,luchthavens,1
4695,inschrijvingen,1
4696,zakenluchthaven,1
4697,spoorverbinding,1
4698,milieuvlak,1
4699,nachtrust,1
4700,inmiddels,1
4701,gewestplanwijziging,1
4702,harde,1
4703,antwerps,1
4704,gehuchten,1
4705,prosperpolder,1
4706,safthinge,1
4707,ouden,1
4708,kallo,1
4709,verrebroek,1
4710,kieldrecht,1
4711,beschermd,1
4712,beslissing,1
4713,containerterminal,1
4714,bevestigd,1
4715,kern,1
4716,geluidshinder,1
4717,lichtvervuiling,1
4718,milieuhygiëne,1
4719,landschaps,1
4720,gemeenschapsbeleving,1
4721,specie,1
4722,opties,1
4723,doeldok,1
4724,ondertussen,1
4725,begeleidingsplan,1
4726,vertrekbasis,1
4727,maritieme,1
4728,betrokkenen,1
4729,antwerpse,1
4730,uitgaat,1
4731,omliggende,1
4732,zuinig,1
4733,ruimtegebruik,1
4734,expansie,1
4735,havens,1
4736,gelijkstaat,1
4737,innemen,1
4738,koste,1
4739,voortaan,1
4740,rondom,1
4741,slot,1
4742,inname,1
4743,aangetoond,1
4744,reserves,1
4745,eigenaars,1
4746,privé,1
4747,ongebruikte,1
4748,revaloriseren,1
4749,vernieuwde,1
4750,verwante,1
4751,materiële,1
4752,oppervlaktenormen,1
4753,regionaalstedelijke,1
4754,strategische,1
4755,afhankelijk,1
4756,ruiloperaties,1
4757,uitvoeringsplannen,1
4758,bouwer,1
4759,kernen,1
4760,buitengebied,1
4761,basisbedrag,1
4762,uitvoeringsbesluiten,1
4763,beslissingsbevoegdheid,1
4764,wettelijkheidstoezicht,1
4765,boete,1
4766,uitvoert,1
4767,prioriteitennota,1
4768,commissievervolgingsbeleid,1
4769,gevestigd,1
4770,sectoraal,1
4771,herlokaliseren,1
4772,zone,1
4773,onwillige,1
4774,gemeentebestuur,1
4775,ingehouden,1
4776,teruggevorderd,1
4777,herlokalisatie,1
4778,verlengen,1
4779,voorgelegd,1
4780,commissies,1
4781,toetsen,1
4782,ivm,1
4783,voornoemde,1
4784,wijzigen,1
4785,planbaten,1
4786,opeisbaar,1
4787,bouwsels,1
4788,zoneeigen,1
4789,vervreemding,1
4790,zover,1
4791,geput,1
4792,middelgrote,1
4793,vlucht,1
4794,fenomeen,1
4795,middenklasse,1
4796,inkomensklasse,1
4797,ruilden,1
4798,gezinsverdunning,1
4799,verarming,1
4800,autoverplaatsingen,1
4801,woonomgevingen,1
4802,wederzijdse,1
4803,vastlegt,1
4804,samenwerkingsovereenkomst,1
4805,betuttelende,1
4806,bestookt,1
4807,omzendbrieven,1
4808,inventarissen,1
4809,klemtoon,1
4810,auditing,1
4811,monitoringsysteem,1
4812,steekproeven,1
4813,ger,1
4814,effecten,1
4815,toevoegen,1
4816,vermeld,1
4817,overlegd,1
4818,opportuniteit,1
4819,vereniging,1
4820,vvsg,1
4821,cf,1
4822,beleidsterreinen,1
4823,uitnodigen,1
4824,meerdere,1
4825,gesprekken,1
4826,richtinggevend,1
4827,mobiliteitsplannen,1
4828,stedenbeleid,1
4829,doorge,1
4830,55,1
4831,dreven,1
4832,projectdenken,1
4833,overheadkosten,1
4834,enorm,1
4835,personeelskosten,1
4836,later,1
4837,verkrotte,1
4838,achteruitgaan,1
4839,ontvolken,1
4840,naoorlogse,1
4841,woningaanbod,1
4842,onaangepast,1
4843,onaantrekkelijk,1
4844,besparend,1
4845,patrimonium,1
4846,goedkoper,1
4847,legale,1
4848,verdichting,1
4849,oppervlaktes,1
4850,hoogbouw,1
4851,stukje,1
4852,schakelwoningen,1
4853,verbouwing,1
4854,dakterrassen,1
4855,stoppen,1
4856,betaalbare,1
4857,schrijnend,1
4858,speelruimte,1
4859,kindonvriendelijk,1
4860,bezettingsuren,1
4861,woonkwaliteit,1
4862,volgebouwde,1
4863,binnengebieden,1
4864,stadsvernieuwing,1
4865,stadsvernieuwingsfonds,1
4866,rollende,1
4867,input,1
4868,geschapen,1
4869,stadsprojecten,1
4870,publiekprivaat,1
4871,samenwerkingsverband,1
4872,spitst,1
4873,socioculturele,1
4874,processtappen,1
4875,ontwikkelaar,1
4876,privatieve,1
4877,risicodragende,1
4878,stelde,1
4879,hieraan,1
4880,horizontaal,1
4881,dwars,1
4882,gezondheidszorg…,1
4883,accenten,1
4884,ergert,1
4885,vuile,1
4886,netheid,1
4887,56,1
4888,heid,1
4889,invulprojecten,1
4890,garantie,1
4891,mix,1
4892,boven,1
4893,winkels,1
4894,migrantenorganisaties,1
4895,heropleven,1
4896,binnenstedelijke,1
4897,winkelstraten,1
4898,mercuriusproject,1
4899,goedkeuring,1
4900,vertaalde,1
4901,eenieder,1
4902,privéhuisvestingsmarkt,1
4903,bewaakt,1
4904,materieel,1
4905,particulieren,1
4906,privéhuurmarkt,1
4907,bejaarden,1
4908,toegankelijker,1
4909,huursubsidies,1
4910,garanties,1
4911,ingebouwd,1
4912,huurprijzen,1
4913,onrechtstreekse,1
4914,verleend,1
4915,verhuurder,1
4916,kwaliteitsgarantie,1
4917,richthuurprijzen,1
4918,grootschaliger,1
4919,opteren,1
4920,mengeling,1
4921,koopwoningen,1
4922,verkopen,1
4923,inkomensevolutie,1
4924,doormaken,1
4925,huisvestingspatrimonium,1
4926,aanvankelijk,1
4927,gezinssamenstelling,1
4928,urgentie,1
4929,datum,1
4930,inschrijving,1
4931,behoevenden,1
4932,ondergrens,1
4933,berekening,1
4934,afgeschaft,1
4935,solidariteitsfonds,1
4936,gekregen,1
4937,humanisering,1
4938,uitzettingen,1
4939,thuislozen,1
4940,asielzoekers,1
4941,campingbewoners,1
4942,vindt,1
4943,vermenging,1
4944,huisvestingseenheden,1
4945,huisvestings,1
4946,huisvestingsprojecten,1
4947,vhm,1
4948,weliswaar,1
4949,geresponsabiliseerde,1
4950,verleent,1
4951,conform,1
4952,woonbeleid,1
4953,ongeschikt,1
4954,leegstaand,1
4955,onbewoonbaar,1
4956,voorkoop,1
4957,beheersrecht,1
4958,werkbaarheid,1
4959,eind,1
4960,woonproblemen,1
4961,pakken,1
4962,verhuurkantoren,1
4963,privéwoningmarkt,1
4964,renovatiewerken,1
4965,huurprijs,1
4966,bewoners,1
4967,participeren,1
4968,renovatieprojecten,1
4969,20002006,1
4970,nota,1
4971,landbouwvoorstellen,1
4972,brusselbeleid,1
4973,vertaalt,1
4974,gemeenschapsinstellingen,1
4975,hoofdstedelijke,1
4976,300000,1
4977,doelpubliek,1
4978,uitoefent,1
4979,doorgetrokken,1
4980,dotatie,1
4981,provinciaal,1
4982,verhinderen,1
4983,volgend,1
4984,houdende,1
4985,mei,1
4986,stippelen,1
4987,ontwerpen,1
4988,toepasbaarheid,1
4989,58,1
4990,sedert,1
4991,overleving,1
4992,bloei,1
4993,degelijkheid,1
4994,decennium,1
4995,streng,1
4996,gerationaliseerd,1
4997,bloeit,1
4998,instroming,1
4999,soms,1
5000,moeilijk,1
5001,leerplannen,1
5002,opdat,1
5003,verloren,1
5004,toestanden,1
5005,leerlingenaantal,1
5006,tegenstelling,1
5007,nieteuropese,1
5008,kampen,1
5009,voegen,1
5010,barsten,1
5011,nagestreefde,1
5012,basisinfrastructuur,1
5013,percentages,1
5014,moedertaal,1
5015,schept,1
5016,pedagogische,1
5017,zoverre,1
5018,omgangstaal,1
5019,zozeer,1
5020,populatienormen,1
5021,klassen,1
5022,richtingen,1
5023,omkaderingsnormen,1
5024,taalonderwijs,1
5025,taalondersteuning,1
5026,momenten,1
5027,schoolloopbaan,1
5028,kwalificatie,1
5029,‘doelgroepleerling’,1
5030,onderwijsvoorrangsbeleid,1
5031,ovb,1
5032,toekenning,1
5033,nationaliteit,1
5034,moeder,1
5035,belg,1
5036,anderstalig,1
5037,taalomkadering,1
5038,studierichtingen,1
5039,geprogrammeerd,1
5040,dreigen,1
5041,ondervertegenwoordigd,1
5042,hetgeen,1
5043,leerlingenpopulatie,1
5044,beleidsdomein,1
5045,samenwerkingsprotocollen,1
5046,concurreren,1
5047,belangstelling,1
5048,daarbuiten,1
5049,besef,1
5050,meertaligheid,1
5051,troef,1
5052,overtreft,1
5053,achter,1
5054,opvoeren,1
5055,vgcinstellingen,1
5056,privécursusaanbod,1
5057,taalpromotiedienst,1
5058,vgcof,1
5059,gemeenschapsadministratie,1
5060,bezighoudt,1
5061,neder,1
5062,59,1
5063,lands,1
5064,handelaars,1
5065,bv,1
5066,vertaalondersteuning,1
5067,opschriften,1
5068,teksten,1
5069,beraadt,1
5070,vlaamsnederlands,1
5071,uitgroeien,1
5072,knooppunt,1
5073,informatiepunt,1
5074,bibliotheek,1
5075,uitstalraam,1
5076,ontmoetingsplaats,1
5077,culturen,1
5078,schenken,1
5079,beleidsvoorstellen,1
5080,vlaamsbrabant,1
5081,tav,1
5082,telt,1
5083,zelden,1
5084,achterstelling,1
5085,welzijnsaanbod,1
5086,ruim,1
5087,dringt,1
5088,thuiszorg,1
5089,probeert,1
5090,medisch,1
5091,ontmoetingsplaatsen,1
5092,informatiecentra,1
5093,belangen,1
5094,behartigen,1
5095,informatieloketten,1
5096,informatiefunctie,1
5097,materies,1
5098,gezondheidsprojecten,1
5099,typisch,1
5100,druggebruik,1
5101,jongerenprostitutie,1
5102,aids,1
5103,vluchtelingen,1
5104,zoekt,1
5105,formule,1
5106,toepasselijk,1
5107,particpeert,1
5108,uitdrukkelijk,1
5109,tib,1
5110,huisvestingspolitiek,1
5111,grondpolitiek,1
5112,autochtone,1
5113,basisscholen,1
5114,inwoners,1
5115,faciliteitengemeenten,1
5116,uitsluitend,1
5117,gekleurde,1
5118,tegengewicht,1
5119,randkrant,1
5120,actualiteit,1
5121,vestigen,1
5122,benadert,1
5123,defensieve,1
5124,daarentegen,1
5125,reikt,1
5126,maximaliseren,1
5127,gebracht,1
5128,inwijkelingen,1
5129,relevant,1
5130,indienden,1
5131,informeert,1
5132,beogen,1
5133,bijkomend,1
5134,stimuleert,1
5135,euburgers,1
5136,stemrecht,1
5137,gemeenteraadsverkiezingen,1
5138,oktober,1
5139,beleidsterrein,1
5140,bestel,1
5141,federatie,1
5142,verbeterde,1
5143,oefenen,1
5144,profilering,1
5145,onderdeel,1
5146,eerstkomende,1
5147,euvoorzitterschap,1
5148,stapel,1
5149,staande,1
5150,sterker,1
5151,beleidsagenda,1
5152,stuurt,1
5153,bereidt,1
5154,standpunten,1
5155,ambitie,1
5156,vastleggingen,1
5157,actievere,1
5158,voornaamste,1
5159,eudossiers,1
5160,vastgelegde,1
5161,indeling,1
5162,euraadscategorieën,1
5163,werkgelegenheids,1
5164,voortrekker,1
5165,gedeeld,1
5166,ministerraad,1
5167,exclusieve,1
5168,61,1
5169,subsidiariteitsbeginsel,1
5170,beleidscoördinatie,1
5171,sectie,1
5172,coreper,1
5173,omwille,1
5174,eubeleid,1
5175,euministerraad,1
5176,standpunt,1
5177,wetgevingsvoorstellen,1
5178,omzetting,1
5179,eupartners,1
5180,euinstellingen,1
5181,euagentschappen,1
5182,frankrijk,1
5183,grootbrittannië,1
5184,uitgetekend,1
5185,buurlandenbeleid,1
5186,concentreert,1
5187,bilaterlaal,1
5188,democratieën,1
5189,midden,1
5190,oosteuropa,1
5191,beroepsopleiding,1
5192,ontwikkelingsrelevante,1
5193,beheert,1
5194,ontwikkelde,1
5195,bekendmaking,1
5196,ontwikkelingsprojecten,1
5197,verdragspartners,1
5198,kandidaat,1
5199,eulid,1
5200,buren,1
5201,verstandhouding,1
5202,nabuurschap,1
5203,waals,1
5204,duitstalige,1
5205,aangehouden,1
5206,januari,1
5207,1995,1
5208,waterverdragen,1
5209,taalgebonden,1
5210,cultuurdossiers,1
5211,bilateraal,1
5212,homogenisering,1
5213,bevoegdheidspaketten,1
5214,export,1
5215,fita,1
5216,vlaanderenazië,1
5217,milieuholding,1
5218,gebundeld,1
5219,synergieeffecten,1
5220,handelspolitiek,1
5221,beleidsinstrumenten,1
5222,versterkte,1
5223,besluitvorming,1
5224,knowhow,1
5225,expertise,1
5226,nutte,1
5227,kaderreglementering,1
5228,subsidieverlening,1
5229,selectiecriteria,1
5230,benelux,1
5231,mondialisering,1
5232,vaker,1
5233,geraakt,1
5234,investeringsakkoord,1
5235,intellectuele,1
5236,eigendomsrechten,1
5237,wipo,1
5238,antwoordt,1
5239,specificiteit,1
5240,beschermen,1
5241,concentratie,1
5242,cultuurpolitiek,1
5243,promotionele,1
5244,vertrekken,1
5245,verspreid,1
5246,gegroepeerd,1
5247,evenementenbeleid,1
5248,ambassadeurs,1
5249,toekomen,1
5250,dikwijls,1
5251,redenen,1
5252,afzien,1
5253,vlaandereneuropa,1
5254,wendt,1
5255,verdragsrecht,1
5256,sluiting,1
5257,samenwerkingsverdragen,1
5258,zekere,1
5259,selectiviteit,1
5260,betracht,1
5261,optimalere,1
5262,nadere,1
5263,ressorteren,1
5264,promotiebeleid,1
5265,overgegaan,1
5266,communicatiestrategie,1
5267,praktijk,1
5268,budgettair,1
5269,schuldbeheer,1
5270,inschrijven,1
5271,stabiliteitspact,1
5272,emu,1
5273,toegezien,1
5274,product,1
5275,daalt,1
5276,63,1
